"state_id","loc_key","name","owner_base","owner_changes","cores","victory_points","strategic_region","province_count","file"
"1","STATE_1","Corsica","FRA","","FRA","3838=1","Tyrrhenian Sea","3","1-Corscia.txt"
"2","STATE_2","Latium","PAP","","PAP","9904=40","Italy","3","2-Latium.txt"
"3","STATE_3","Romandy","SWI","","SWI","6666=5","Alpine Region","7","3-Romandy.txt"
"4","STATE_4","Lower Austria","AUS","","AUS","9648=5","Alpine Region","12","4-Lower Austria.txt"
"5","STATE_5","East Prussia","PRS","","PRS","6375=5 3380=1 6402=1","Western Poland","11","5-East Prussia.txt"
"6","STATE_6","Flanders","BEL","","BEL","516=30 6560=5 6598=15","Benelux Region","8","6-Flanders.txt"
"7","STATE_7","Holland","HOL","","HOL","391=35 3211=20 9498=15","Benelux Region","6","7-Holland.txt"
"8","STATE_8","Luxembourg","LUX","","LUX","5016=5","Benelux Region","2","8-Luxembourg.txt"
"9","STATE_9","Bohemia","AUS","","AUS CZE","494=1 583=2 6418=5 9541=3 11542=20","Czechoslovakia","14","9-Bohemia.txt"
"10","STATE_10","Mazowsze","RUS","","POL","9400=3","Western Poland","7","10-Mazowsze.txt"
"11","STATE_11","Vilna","RUS","","LIT","3320=5 9404=1 11498=1","Baltic States","6","11-Vilna.txt"
"12","STATE_12","Livonia","RUS","","UBD","9340=5 10323=1","Baltic States","8","12-Livonia.txt"
"13","STATE_13","Estland","RUS","","","83=3 3152=5 11127=1 11291=3","Baltic States","18","13-Estland.txt"
"14","STATE_14","Bretagne","FRA","","FRA","3552=6 6536=3 9495=4","Northern France","10","14-Bretagne.txt"
"15","STATE_15","Basse-Normandie","FRA","","FRA","11535=5 6449=3","Northern France","9","15-Basse-Normandie.txt"
"16","STATE_16","Ile de France","FRA","","FRA","6949=5 11518=5","Northern France","7","16-Ile de France.txt"
"17","STATE_17","Franche-Comté","FRA","","FRA","698=1 9642=5","Northern France","6","17-French-Comte.txt"
"18","STATE_18","Champagne","FRA","","FRA","9472=1 9490=5 13011=5","Northern France","11","18-Champagne.txt"
"19","STATE_19","Aquitaine","FRA","","FRA","9737=13 743=3","Southern France","7","19-Aquitaine.txt"
"20","STATE_20","Rhone","FRA","","FRA","6613=18","Southern France","13","20-Rhone.txt"
"21","STATE_21","Provence","FRA","","FRA","911=7 11834=20","Southern France","8","21-Provence.txt"
"22","STATE_22","Languedoc-Roussillon","FRA","","FRA","9898=5 6960=2 9853=2","Southern France","11","22-Languedoc-Roussillion.txt"
"23","STATE_23","Charente","FRA","","FRA","6657=2 629=3","Southern France","9","23-Charente.txt"
"24","STATE_24","Centre","FRA","","FRA","3671=15 512=10","Northern France","15","24-Centre.txt"
"25","STATE_25","Gascogne","FRA","","FRA","11720=1 11720=2","Southern France","10","25-Gascogne.txt"
"26","STATE_26","Auvergne","FRA","","FRA","3594=3 590=3","Southern France","11","26-Auvergne.txt"
"27","STATE_27","Burgundy","FRA","","FRA","3652=5","Northern France","15","27-Burgundy.txt"
"28","STATE_28","Alsace-Lorraine","FRA","","FRA","678=3 9503=8 9559=6","Northern France","8","28-Alsace-Lorraine.txt"
"29","STATE_29","Picardie","FRA","","FRA","9561=3","Northern France","7","29-Picardie.txt"
"30","STATE_30","Maine","FRA","","FRA","11465=10 3523=2 3509=3","Northern France","11","30-Maine.txt"
"31","STATE_31","Pyrenees","FRA","","FRA","11699=3","Southern France","10","31-Pyrenees.txt"
"32","STATE_32","Alpes","FRA","","FRA","3768=3","Southern France","7","32-Alpes.txt"
"33","STATE_33","Limousin","FRA","","FRA","620=5","Southern France","7","33-Limousin.txt"
"34","STATE_34","Wallonia","BEL","","BEL","3488=2 3516=5 6537=6 9444=2 9536=3","Benelux Region","9","34-Wallonia.txt"
"35","STATE_35","Het Zuiden","HOL","","HOL","6496=15 9431=3 480=2 11562=5","Benelux Region","6","35-Het Zuiden.txt"
"36","STATE_36","Het Noorden","HOL","","HOL","6336=5 9309=1 11318=10","Benelux Region","4","36-Het Noorden.txt"
"37","STATE_37","Sjaelland","DEN","","DEN","3325=5 6287=20 6361=1","North-West Germany","7","37-Sjaelland.txt"
"38","STATE_38","Norrland","SWE","","SWE","156=2 11091=1 205=1","Northern Sweden","38","38-Norrland.txt"
"39","STATE_39","South Tyrol","AUS","","AUS","6675=2","Alpine Region","3","39-South Tyrol.txt"
"40","STATE_40","Barnaul","RUS","","RUS","","Western Siberia","10","40-Barnaul.txt"
"41","STATE_41","Asturias","SPR","","SPR","11707=5 3729=5","Iberia","6","41-Asturias.txt"
"42","STATE_42","Palatinate","BAV","","BAV","563=1 3558=3","Western Germany","3","42-Palatinate.txt"
"43","STATE_43","Northern Hungary","AUS","","AUS HUN","684=1 6751=3 9660=20","Northern Balkans","9","43-Northern Hungary.txt"
"44","STATE_44","Albania","OTO","","ALB","9914=5 11767=1","Western Balkans","8","44 - Albania.txt"
"45","STATE_45","Vojvodina","AUS","","AUS HUN SER","3617=3 9621=5","Western Balkans","4","45-Vojvodina.txt"
"46","STATE_46","Muntenia","ROM","","ROM","13673=15 3663=5 3639=3","Eastern Balkans","16","46-Muntenia.txt"
"47","STATE_47","Sterea Ellada","GRE","","GRE","","Greece","9","47-Central Greece.txt"
"48","STATE_48","Sofia","OTO","","BUL","949=1 3796=2 13674=3 13740=1","Eastern Balkans","13","48-Sofia.txt"
"49","STATE_49","Angora","OTO","","OTO","11747=10 909=5 804=1","Asia minor","11","49-Angora.txt"
"50","STATE_50","Wurttemberg","WUR","","WUR","519=10 9545=3 11499=3","Western Germany","7","50-Wurttemberg.txt"
"51","STATE_51","Rhineland","PRS","","PRS","587=10 3547=1 9522=3 11494=3","Western Germany","8","51-Rhineland.txt"
"52","STATE_52","Upper Bavaria","BAV","","BAV","692=30 707=1 3705=5 9652=1 9666=1","Western Germany","12","52-Upper Bavaria.txt"
"53","STATE_53","Lower Bavaria","BAV","","BAV","532=3 3299=3 3541=5 9515=3","Western Germany","10","53-Lower Bavaria.txt"
"54","STATE_54","Franken","BAV","","BAV","6421=3 11404=3 11417=5 11529=1 11544=15","Western Germany","13","54-Franken.txt"
"55","STATE_55","Lower Hesse","HES","","HES","564=5 11445=1 11533=1","Western Germany","5","55-Lower Hesse.txt"
"56","STATE_56","Emsland","HAN","","HAN","11360=1 11388=3","North-West Germany","8","56-Weser-Ems.txt"
"57","STATE_57","Westphalia","PRS","","PRS","495=5 6622=3 9509=3","North-West Germany","11","57-Westphalia.txt"
"58","STATE_58","Schleswig","SCH","","SCH","317=3","North-West Germany","2","58-Schleswig.txt"
"59","STATE_59","Hannover","HAN","","HAN","374=1 526=5 3271=1 6298=1 6349=1 6377=15 11493=3","North-West Germany","14","59-Hannover.txt"
"60","STATE_60","Thuringia","THU","","THU","425=3 482=1 538=1 3500=1 6501=1 13665=1 14285=1","Eastern Germany","9","60-Thuringia.txt"
"61","STATE_61","Mecklenburg","MCK","","MCK","321=3 3258=1 11305=5","Eastern Germany","8","61-Mecklenburg.txt"
"62","STATE_62","Pomerania","PRS","","PRS","6282=10 9388=1","Eastern Germany","6","62-Pomerania.txt"
"63","STATE_63","Farther Pomerania","PRS","","PRS","6390=1 9334=1 9361=3 11316=1 11260=1 11288=1","Eastern Germany","13","63-Farther Pomerania.txt"
"64","STATE_64","Brandenburg","PRS","","PRS","375=1 3499=10 3522=5 9496=1 9560=1 11402=5","Eastern Germany","19","64-Brandenburg.txt"
"65","STATE_65","Saxony","SAX","","SAX","514=20 3535=10 6559=1 9441=2 9471=2 11481=5","Eastern Germany","8","65-Saxony.txt"
"66","STATE_66","Lower Silesia","PRS","","PRS","552=1 3510=1 3545=1 9570=10","Eastern Germany","11","66-Lower Silesia.txt"
"67","STATE_67","Upper Silesia","PRS","","PRS","9511=1","Eastern Germany","5","67-Upper Silesia.txt"
"68","STATE_68","Ostmark","PRS","","PRS","537=1 9387=1","Eastern Germany","6","68-Ostmark.txt"
"69","STATE_69","Sudetenland","AUS","","AUS CZE","3585=1 6470=1 11401=1 11432=1","Czechoslovakia","9","69-Sudetenland.txt"
"70","STATE_70","West Slovakia","AUS","","AUS HUN","9692=10","Czechoslovakia","7","70-West Slovakia.txt"
"71","STATE_71","East Slovakia","AUS","","AUS HUN","3581=3","Czechoslovakia","7","71-East Slovakia.txt"
"72","STATE_72","Olsa-Silesia","AUS","","AUS CZE","","Czechoslovakia","2","72-Olsa-SIlesia.txt"
"73","STATE_73","Subcarpathia","AUS","","AUS HUN","11691=5","Northern Balkans","5","73-Subcarpathia.txt"
"74","STATE_74","Moravian Silesia","AUS","","AUS CZE","","Czechoslovakia","4","74-Moravian Silesia.txt"
"75","STATE_75","Moravia","AUS","","AUS CZE","3569=5 6562=2","Czechoslovakia","7","75-Moravia.txt"
"76","STATE_76","North Transylvania","AUS","","AUS HUN","3696=1 6711=5","Northern Balkans","12","76-North Transylvania.txt"
"77","STATE_77","Southern Dobrudja","OTO","","BUL","9614=1 11597=1","Eastern Balkans","2","77-Southern Dobrudja.txt"
"78","STATE_78","Bessarabia","RUS","","RUS MOL ROM","11686=3","Eastern Balkans","9","78-Bessarabia.txt"
"79","STATE_79","Moldova","MOL","","MOL","9716=15 11672=3 6706=3","Eastern Balkans","14","79-Moldova.txt"
"80","STATE_80","North Bukovina","AUS","","AUS GLM MOL","13677=2","Eastern Balkans","4","80-Bukowina.txt"
"81","STATE_81","Oltenia","ROM","","ROM","6652=3","Eastern Balkans","8","81-Oltenia.txt"
"82","STATE_82","East Banat","AUS","","AUS HUN","9606=5","Northern Balkans","7","82-East Banat.txt"
"83","STATE_83","Crisana","AUS","","AUS HUN","6682=1","Northern Balkans","4","83-Kreischgebiet.txt"
"84","STATE_84","South Transylvania","AUS","","AUS HUN","690=2","Northern Balkans","11","84-South Transylvania.txt"
"85","STATE_85","West Prussia","PRS","","PRS","279=5 3295=1","Western Poland","7","85-Pomerellen.txt"
"86","STATE_86","Posen","PRS","","PRS","6558=5","Western Poland","10","86-Posen.txt"
"87","STATE_87","Kalisz","RUS","","POL","9439=3 9546=3 9508=10","Western Poland","9","87-Kalisz.txt"
"88","STATE_88","West Galicia","AUS","","AUS GLM","442=2","Western Poland","10","88-West Galicia.txt"
"89","STATE_89","South Galicia","AUS","","AUS GLM","11411=2","Eastern Poland","7","89-South Galicia.txt"
"90","STATE_90","Kielce","RUS","","POL","3458=3 3497=3 3586=3","Western Poland","7","90-Kielce.txt"
"91","STATE_91","East Galicia","AUS","","AUS GLM","11479=8","Eastern Poland","10","91-East Galicia.txt"
"92","STATE_92","Kholm","RUS","","POL","6580=3","Eastern Poland","4","92-Kholm.txt"
"93","STATE_93","Wolyn","RUS","","RUS","513=1 572=3 3412=1","Ukraine","13","93-Wolyn.txt"
"94","STATE_94","Polesie","RUS","","RUS","3392=3 6415=1","Eastern Poland","12","94-Polesie.txt"
"95","STATE_95","Nowogrodek","RUS","","RUS","6413=3 9359=3 3309=3","Eastern Poland","10","95-Nowogrodek.txt"
"96","STATE_96","Narach","RUS","","LIT","","Eastern Poland","8","96-Narach.txt"
"97","STATE_97","Grodno","RUS","","RUS","3393=3","Eastern Poland","3","97-Grodno.txt"
"98","STATE_98","Plock","RUS","","POL","3230=3 6259=3 11274=1","Western Poland","10","98-Plock.txt"
"99","STATE_99","Jutland","DEN","","DEN","394=3 3277=1 6235=1 6364=5","North-West Germany","8","99-Jutland.txt"
"100","STATE_100","Iceland","DEN","","DEN","12674=1","Iceland","3","100-Iceland.txt"
"101","STATE_101","Greenland","DEN","","DEN","10245=1","Greenland","5","101-Greenland.txt"
"102","STATE_102","Carniola","AUS","","AUS","596=5","Western Balkans","5","102-Carniola.txt"
"103","STATE_103","North Dalmatia","AUS","","AUS CRO","","Western Balkans","6","103-North Dalmatia.txt"
"104","STATE_104","West Bosnia","OTO","","BOS","","Western Balkans","4","104-West Bosnia.txt"
"105","STATE_105","Tetovo","OTO","","ALB","","Western Balkans","2","105-Ipek.txt"
"106","STATE_106","Macedonia","OTO","","BUL","974=3 3882=3","Western Balkans","8","106-Macedonia.txt"
"107","STATE_107","Belgrade","SER","","SER","6998=3 11583=5 11586=15","Western Balkans","12","107-Belgrade.txt"
"108","STATE_108","Morava","OTO","","SER","9906=5","Western Balkans","3","108 - Morava.txt"
"109","STATE_109","Croatia-Slavonia","AUS","","AUS CRO","9611=1 11581=10 6647=2","Western Balkans","10","109-Slavonia.txt"
"110","STATE_110","Ostlandet","NOR","","NOR","14=1 179=1 6115=10 11151=1 3171=1","Southern Norway","41","110-Ostlandet.txt"
"111","STATE_111","Uusimaa","FIN","","FIN","11105=20 3083=5 3137=3 9194=2","Finland","40","111-Uusimaa.txt"
"112","STATE_112","Lisbon","POR","","POR","11805=30","Iberia","9","112-Lisbon.txt"
"113","STATE_113","Leinster","ENG","","IRE","11293=10 3342=4","Ireland","8","113-Leinster.txt"
"114","STATE_114","Sardinia","PIE","","PIE","11773=5 11755=3 9772=3","Tyrrhenian Sea","8","114-Sardinia.txt"
"115","STATE_115","Sicily","NSC","","NSC","10074=15 4159=6 4014=8","Italy","10","115-Sicily.txt"
"116","STATE_116","Malta","ENG","","MLT","12003=5","Central Mediterranean Sea","1","116-Malta.txt"
"117","STATE_117","Campania","NSC","","NSC","819=30 955=6 851=3 923=6 11803=3","Italy","8","117-Campania.txt"
"118","STATE_118","Gibraltar","ENG","","","4135=10","Iberia","1","118-Gibraltar.txt"
"119","STATE_119","Northern Ireland","ENG","","IRE","385=6 3379=11","Ireland","7","119-Northern Ireland.txt"
"120","STATE_120","Scottish Highlands","ENG","","ENG","9075=5","Scotland","15","120-Scottish Highlands.txt"
"121","STATE_121","Lothian","ENG","","ENG","9392=16 159=4","Scotland","6","121-Lothian.txt"
"122","STATE_122","Wales","ENG","","ENG","377=5 407=5","Northern England","8","122-Wales.txt"
"123","STATE_123","Cornwall","ENG","","ENG","540=9","Southern England","6","123-Cornwall.txt"
"124","STATE_124","Gotland","SWE","","SWE","408=2","Upper Baltic Sea","2","124-Gotland.txt"
"125","STATE_125","East Anglia","ENG","","ENG","322=9 11253=6 271=6","Southern England","7","125-East Anglia.txt"
"126","STATE_126","Shuntian","QNG","","QNG","11980=1 11761=1","Eastern China","11","126-Southern Zhili.txt"
"127","STATE_127","Sussex","ENG","","ENG","3501=5 9458=10 11446=9 13070=5","Southern England","6","127-Sussex.txt"
"128","STATE_128","West Midlands","ENG","","ENG","3301=4 11345=10 9297=19","Southern England","7","128-West Midlands.txt"
"129","STATE_129","East Midlands","ENG","","ENG","6237=9 11279=9 9268=6","Southern England","7","129-East Midlands.txt"
"130","STATE_130","Yorkshire","ENG","","ENG","9269=8 9315=11 9379=15 11297=11","Northern England","9","130-Yorkshire.txt"
"131","STATE_131","Northumberland","ENG","","ENG","351=11 11332=5","Northern England","7","131-Northumberland.txt"
"132","STATE_132","Lancashire","ENG","","ENG","6318=21 6384=23 3205=5 6335=9 3311=5","Northern England","5","132-Lancashire.txt"
"133","STATE_133","Lanark","ENG","","ENG","3273=22 133=8","Scotland","8","133-Lanark.txt"
"134","STATE_134","Connaught","ENG","","IRE","9303=6","Ireland","9","134-Connaught.txt"
"135","STATE_135","Munster","ENG","","IRE","6289=9 7394=11 11237=6","Ireland","10","135-Munster.txt"
"136","STATE_136","Aberdeenshire","ENG","","ENG","3150=10 11136=10","Scotland","7","136-Aberdeenshire.txt"
"137","STATE_137","Crimea","RUS","","RUS","3686=20 9680=3","Ukraine","9","137-Crimea.txt"
"138","STATE_138","Skane","SWE","","SWE","9279=5 11215=5 6345=1 11160=1 11376=2","Southern Sweden","11","138-Skane.txt"
"139","STATE_139","Smaland","SWE","","SWE","6397=2 9329=2 9393=2 299=2 242=2 11390=2 11380=5","Southern Sweden","22","139-Smaland.txt"
"140","STATE_140","Vastergötland","SWE","","SWE","11114=1 383=10 6406=2","Southern Sweden","20","140-Vastergotland.txt"
"141","STATE_141","Svealand","SWE","","SWE","6050=20 9209=5 161=2 9185=1 11188=2 35=1 9149=5","Southern Sweden","21","141-Svealand.txt"
"142","STATE_142","Vestlandet","NOR","","NOR","53=1 122=5","Southern Norway","25","142-Vestlandet.txt"
"143","STATE_143","Trondelag","NOR","","NOR","3022=5","Southern Norway","17","143-Trondelag.txt"
"144","STATE_144","Nord-Norge","","","","22=1 9126=1 11034=2 11050=1","Northern Norway","45","144-Nord-Norge.txt"
"145","STATE_145","Ahvenanmaa","FIN","","FIN","","Upper Baltic Sea","1","145-Aland.txt"
"146","STATE_146","Karjala","FIN","","FIN","9206=5","Finland","16","146-Karjala.txt"
"147","STATE_147","Salla","FIN","","FIN","197=1","Outer Finland","3","147-Salla.txt"
"148","STATE_148","Lappi","FIN","","FIN","","Outer Finland","34","148-Lappi.txt"
"149","STATE_149","Pohjanmaa","FIN","","FIN","158=3 3122=3","Finland","29","149-Pohjanmaa.txt"
"150","STATE_150","Savo","FIN","","FIN","","Finland","46","150-Savo.txt"
"151","STATE_151","Eastern Switzerland","SWI","","SWI","663=10 9620=15 9638=5 11623=3","Alpine Region","13","151-Eastern Switzerland.txt"
"152","STATE_152","Upper Austria","AUS","","AUS","688=10 11651=3","Alpine Region","14","152-Upper Austria.txt"
"153","STATE_153","Tyrol","AUS","","AUS","673=5","Alpine Region","11","153-Tyrol.txt"
"154","STATE_154","Hungarian Plain","AUS","","AUS HUN","6700=1 11659=5","Northern Balkans","13","154-Hungarian Plain.txt"
"155","STATE_155","Transdanubia","AUS","","AUS HUN","686=3 6720=3 11610=5","Northern Balkans","16","155-Transdanubia.txt"
"156","STATE_156","Calabria-Basilicata","NSC","","NSC","3901=8 9990=3 12098=3","Italy","9","156-Calabria-Basilicata.txt"
"157","STATE_157","Marche-Umbria","PAP","","PAP","967=3 6926=3 3885=6 9794=1 14142=1","Italy","8","157-Marche.txt"
"158","STATE_158","Liguria","PIE","","PIE","6788=20 11891=3 14140=15","Alpine Region","5","158-Liguria.txt"
"159","STATE_159","Lombardy","LVN","","LVN","773=3 969=6 3780=30 11568=8","Alpine Region","9","159-Lombardy.txt"
"160","STATE_160","Venetia","LVN","","LVN","603=3 3604=3 3657=8 6656=3 9613=3 11584=6 14288=15","Alpine Region","12","160-Veneto.txt"
"161","STATE_161","Romagna","PAP","","PAP","6606=15 6793=6 9924=3 782=3","Italy","5","161-Romagna.txt"
"162","STATE_162","Tuscany","TUS","","TUS","9907=20 6946=8 9879=6 14147=6 910=3","Italy","11","162-Tuscany.txt"
"163","STATE_163","Zara","AUS","","AUS CRO","3943=3","Western Balkans","2","163-Zara.txt"
"164","STATE_164","Dodecanese","OTO","","OTO GRE","10007=1","Aegean Sea","2","164-Dodecanese.txt"
"165","STATE_165","Catalonia","SPR","","SPR","9764=30 6812=5 6927=5 6836=5","Iberia","14","165-Catalonia.txt"
"166","STATE_166","Aragon","SPR","","SPR","3816=20 11821=1 871=1","Iberia","22","166-Aragon.txt"
"167","STATE_167","Valencia","SPR","","SPR","6906=25 6817=5 962=5 3873=1","Iberia","10","167-Valencia.txt"
"168","STATE_168","Murcia","SPR","","SPR","1093=15 10024=10 7111=1","Iberia","5","168-Murcia.txt"
"169","STATE_169","Andalusia","SPR","","SPR","1048=20 875=5 7183=25 9815=5 10111=5 4182=1","Iberia","19","169-Andalusia.txt"
"170","STATE_170","Extremadura","SPR","","SPR","6866=5 6902=5 13366=2 11756=1","Iberia","19","170-Extremadura.txt"
"171","STATE_171","Galicia","SPR","","SPR","758=5 11710=5 9689=5 6734=5 9686=5 11692=5 11677=1 3761=1","Iberia","14","171-Galicia.txt"
"172","STATE_172","Navarre","SPR","","SPR","9857=5 3737=5","Iberia","6","172-Navarre.txt"
"173","STATE_173","Granada","SPR","","SPR","9979=25 7153=5 1176=10 12038=5","Iberia","17","173-Granada.txt"
"174","STATE_174","Leon","SPR","","SPR","3918=1 3725=1 918=1 794=5","Iberia","14","174-Leon.txt"
"175","STATE_175","New Castille","SPR","","SPR","858=10 3858=1 9778=1 11742=1 11812=1 832=5","Iberia","34","175-Nueva Castille.txt"
"176","STATE_176","Old Castille","SPR","","SPR","13824=5 885=5 11825=5 6936=1 3859=1","Iberia","27","176-Vieja Castille.txt"
"177","STATE_177","Balearic Islands","SPR","","SPR","9793=20 7114=1 9845=1","Western Mediterranean","3","177-Baleares.txt"
"178","STATE_178","Canary Islands","SPR","","SPR","13071=10","African Coast","1","178-Canary islands.txt"
"179","STATE_179","Alentejo-Algarve","POR","","POR","6933=3 6880=3","Iberia","13","179-Alentejo-Algarve.txt"
"180","STATE_180","Porto","POR","","POR","9817=10","Iberia","8","180-Porto.txt"
"181","STATE_181","Guarda","POR","","POR","","Iberia","8","181-Guarda.txt"
"182","STATE_182","Chania","OTO","","GRE","9940=2 12058=3","Aegean Sea","4","182-Chania.txt"
"183","STATE_183","Cyprus","OTO","","","","Asia minor","7","183-Cyprus.txt"
"184","STATE_184","Western Thrace","OTO","","BUL","","Greece","3","184-Thrace.txt"
"185","STATE_185","Olympus","OTO","","GRE","3914=1","Greece","8","185-North Thessaly.txt"
"186","STATE_186","Peloponnese","GRE","","GRE","7211=3 4078=1 7096=1","Greece","8","186-Peloponnese.txt"
"187","STATE_187","Aegean Islands","OTO","","OTO GRE","13774=1","Aegean Sea","3","187-Aegean Islands.txt"
"188","STATE_188","Memel","PRS","","PRS","3288=1","Baltic States","1","188-Memel.txt"
"189","STATE_189","Kovno","RUS","","LIT","6296=3 9438=2 9483=1","Baltic States","16","189-Kovno.txt"
"190","STATE_190","Courland","RUS","","","3296=1 6222=3 9262=3 11246=1","Baltic States","12","190-Courland.txt"
"191","STATE_191","Dorpat","RUS","","","9221=3","Baltic States","6","191-Dorpat.txt"
"192","STATE_192","Odessa","RUS","","RUS","11670=10","Ukraine","9","192-Odessa.txt"
"193","STATE_193","Chernigov","RUS","","RUS","9506=1","Ukraine","21","193-Chernigov.txt"
"194","STATE_194","Mozyr","RUS","","RUS","6232=1","Belarus","4","194-Mozyr.txt"
"195","STATE_195","Sankt Peterburg","RUS","","RUS","3151=30","Northern Front","5","195-Sankt Peterburg.txt"
"196","STATE_196","Taurida","RUS","","RUS","","Ukraine","7","196-Taurida.txt"
"197","STATE_197","Kherson","RUS","","RUS","3755=1 11561=1 11683=1","Ukraine","8","197-Kherson.txt"
"198","STATE_198","Vinnytsia","RUS","","RUS","476=1","Ukraine","11","198-Vinnytsia.txt"
"199","STATE_199","Narva","RUS","","","","Baltic States","2","199-Narva.txt"
"200","STATE_200","Zaporizhia","RUS","","RUS","","Ukraine","17","200-Zaporizhia.txt"
"201","STATE_201","Zhytomyr","RUS","","RUS","11514=1","Ukraine","7","201-Zhytomyr.txt"
"202","STATE_202","Kiev","RUS","","RUS","525=25 11464=1","Ukraine","11","202-Kiev.txt"
"203","STATE_203","Cherkasy","RUS","","RUS","488=1","Ukraine","11","203-Cherkasy.txt"
"204","STATE_204","Bobruysk","RUS","","RUS","3350=1","Belarus","15","204-Bobruysk.txt"
"205","STATE_205","Kaluga","RUS","","RUS","","Belarus","16","205-Kaluga.txt"
"206","STATE_206","Minsk","RUS","","RUS","294=1 11370=10","Belarus","8","206-Minsk.txt"
"207","STATE_207","Vitebsk","RUS","","RUS","6326=1 11241=5","Belarus","11","207-Vitebsk.txt"
"208","STATE_208","Luga","RUS","","RUS","11080=1","Northern Front","12","208-Luga.txt"
"209","STATE_209","Pskov","RUS","","RUS","11202=3","Northern Front","12","209-Pskov.txt"
"210","STATE_210","Velikiye Luki","RUS","","RUS","387=1","Northern Front","13","210-Velikiye Luki.txt"
"211","STATE_211","Varna","OTO","","BUL","649=1 9612=15 9769=3 9783=5","Eastern Balkans","8","211-Varna.txt"
"212","STATE_212","Tsarevo","OTO","","BUL","","Eastern Balkans","1","212 - Tsarevo.txt"
"213","STATE_213","Kola","RUS","","RUS","3134=5","Outer Finland","33","213-Murmansk.txt"
"214","STATE_214","Arkhangelsk","RUS","","RUS","3338=3","Artic Russia","51","214-Arkhangelsk.txt"
"215","STATE_215","Karelia","RUS","","RUS","","Northern Front","37","215-Karelia.txt"
"216","STATE_216","Olonets","RUS","","RUS","11159=1","Northern Front","22","216-Olonets.txt"
"217","STATE_217","Tsarevsky Uyezd","RUS","","RUS","","Western Steppe","8","217-Tsarevsky Uyezd.txt"
"218","STATE_218","Rostov","RUS","","RUS","9417=15","Taman Region","9","218-Rostov.txt"
"219","STATE_219","Moscow Area","RUS","","RUS","","Central Russia","21","219-Moscow Area.txt"
"220","STATE_220","Kursk","RUS","","RUS","3580=5","Central Russia","23","220-Kursk.txt"
"221","STATE_221","Kharkov","RUS","","RUS","418=10 11462=1","Ukraine","11","221-Kharkov.txt"
"222","STATE_222","Oryol","RUS","","RUS","9355=5","Central Russia","14","222-Oryol.txt"
"223","STATE_223","Tula","RUS","","RUS","6262=3","Central Russia","19","223-tula.txt"
"224","STATE_224","Bryansk","RUS","","RUS","3335=1","Belarus","17","224-Bryansk.txt"
"225","STATE_225","Podgorica","OTO","","MNT","9809=10","Western Balkans","1","225-Podgorica.txt"
"226","STATE_226","Ekaterinoslav","RUS","","RUS","11437=10","Ukraine","7","226-Ekaterinoslav.txt"
"227","STATE_227","Hughesovka","RUS","","RUS","9461=1 6474=10","Ukraine","11","227-Hughesovka.txt"
"228","STATE_228","Starobelsk","RUS","","RUS","","Ukraine","12","228-Starobelsk.txt"
"229","STATE_229","Azerbaijan","RUS","","RUS","7661=1","Caucasus Region","13","229-Azerbaijan.txt"
"230","STATE_230","Armenia","RUS","","RUS ARM","12320=1","Caucasus Region","6","230-Armenia.txt"
"231","STATE_231","Imereti","RUS","","RUS","","Caucasus Region","3","231-Imereti.txt"
"232","STATE_232","South Dagestan","CAU","","CAU","9645=7 3711=5 7554=5","Taman Region","9","232-South Dagestan.txt"
"233","STATE_233","Western Circassia","CIR","","CIR","3698=5 9674=5 11664=5","Caucasus Region","12","233-Western Circassia.txt"
"234","STATE_234","Kuban","RUS","","RUS","3720=1 3734=5","Taman Region","23","234-Ekaterinodar.txt"
"235","STATE_235","Stravropol","RUS","","RUS","","Taman Region","18","235-Stravropol.txt"
"236","STATE_236","Astrakhan","RUS","","RUS","9753=3","Taman Region","17","236-Astrakhan.txt"
"237","STATE_237","Elista-Sale","RUS","","RUS","","Taman Region","19","237-Elista.txt"
"238","STATE_238","Volgodonsk","RUS","","RUS","","Taman Region","18","238-volgodonsk.txt"
"239","STATE_239","Saratov","RUS","","RUS","3578=5","Western Steppe","25","239-Saratov.txt"
"240","STATE_240","West Kurdistan","OTO","","KUR","8123=1","Middle East","6","240-West Kurdistan.txt"
"241","STATE_241","Mogilev","RUS","","RUS","9288=3 9289=1","Belarus","15","241-Mogilev.txt"
"242","STATE_242","Smolensk","RUS","","RUS","306=5 11336=1","Belarus","29","242-Smolensk.txt"
"243","STATE_243","The Moluccas","INS","","","","Java Sea","6","243-Moluccas.txt"
"244","STATE_244","Volkhov","RUS","","RUS","","Northern Front","8","244-Volkhov.txt"
"245","STATE_245","Don","RUS","","RUS","","Western Steppe","20","245-Don.txt"
"246","STATE_246","Rzhev","RUS","","RUS","11349=1","Northern Front","20","246-Rzhev.txt"
"247","STATE_247","Tver","RUS","","RUS","6245=3","Northern Front","17","247-Tver.txt"
"248","STATE_248","Yaroslavl","RUS","","RUS","121=5","Central Russia","24","248-Yaroslavl.txt"
"249","STATE_249","Kazan","RUS","","RUS","6338=1","Transvolga","28","249-Kazan.txt"
"250","STATE_250","Simbirsk","RUS","","RUS","","Transvolga","18","250-ulyanovsky.txt"
"251","STATE_251","Samara","RUS","","RUS","11225=3","Western Steppe","21","251-Samara.txt"
"252","STATE_252","Nizhny Novgorod","RUS","","RUS","11375=10","Central Russia","37","252-Nizhny Novogorod.txt"
"253","STATE_253","Ivanovo","RUS","","RUS","","Central Russia","34","253-Ivanovo.txt"
"254","STATE_254","Ryazan","RUS","","RUS","11314=1","Central Russia","26","254-Ryazan.txt"
"255","STATE_255","Penza","RUS","","RUS","","Central Russia","32","255-Penza.txt"
"256","STATE_256","Cheboksary","RUS","","RUS","9259=1","Transvolga","26","256-Cheboksary.txt"
"257","STATE_257","Tambov","RUS","","RUS","9367=1","Central Russia","22","257-Tambov.txt"
"258","STATE_258","Southern Wyoming","UTA","","","","Central USA","2","258-Southern Wyoming.txt"
"259","STATE_259","Poltava","RUS","","RUS","11504=1","Ukraine","15","259-Poltava.txt"
"260","STATE_260","Voronezh","RUS","","RUS","413=5","Central Russia","29","260-Voronezh.txt"
"261","STATE_261","Ohio","USA","","USA","11776=2 6855=5 6890=5 4601=15 689=2","Midwest","25","261-Ohio.txt"
"262","STATE_262","Nenets","RUS","","RUS","","Artic Russia","12","262-Nenets.txt"
"263","STATE_263","Novgorod","RUS","","RUS","117=5","Northern Front","14","263-Novogrod.txt"
"264","STATE_264","Tikhvin","RUS","","RUS","3140=1","Northern Front","28","264-Tikhvin.txt"
"265","STATE_265","Mikhailovskoye","RUS","","RUS","","Western Steppe","13","265-Mikhailovskoye.txt"
"266","STATE_266","Mazanderan","PER","","PER","10768=7 10385=3 7602=3 4580=2","Iran","4","266-Mazanderan.txt"
"267","STATE_267","Kabul","AFG","","AFG AFO","10737=5 5064=1","Afghanistan Area","13","267-Kabul.txt"
"268","STATE_268","Djibouti","OTO","","","","Ethiopian Highlands","2","268-Djibouti.txt"
"269","STATE_269","Warsangeli","WSG","","WSG","","The Horn","8","269-Warsangeli.txt"
"270","STATE_270","Pitcairn Island","ENG","","","","South-Eastern Pacific","1","270-Pitcarin Island.txt"
"271","STATE_271","Werder","OGD","","OGD","14174=1","The Horn","5","271-Werder.txt"
"272","STATE_272","Senegal","FRA","","FTT","14307=10 4948=5","Senegal Coast","5","272-Senegal.txt"
"273","STATE_273","Jaghbub","SNS","","SNS LBA","1060=1","North Africa","3","273-North Jaghbub.txt"
"274","STATE_274","Ashanti","ASH","","ASH","12787=1 13347=2 13344=5 13345=1","Ivory Coast","12","274-Ghana.txt"
"275","STATE_275","Pretoria","TRV","","TRV","10400=10 13701=2","South Africa","10","275-Pretoria.txt"
"276","STATE_276","Ontario","CAN","","CAN","722=20 14628=30 14623=2 14626=1 14627=5 14632=1 749=1 14631=5 14633=10","Eastern Canada","22","276-Ontario.txt"
"277","STATE_277","Mexico","MEX","","MEX","1965=15","Mexico","3","277-Mexico.txt"
"278","STATE_278","Buenos Aires","BUE","","BUE ARG","7621=1","Platine Plateau","16","278-Buenos Aires.txt"
"279","STATE_279","Santiago","CHL","","CHL","650=20","Platine Plateau","1","279-Santiago.txt"
"280","STATE_280","Mato Grosso","BRA","","BRA","2111=8","Amazonian Brazil","15","280-Mato Grosso.txt"
"281","STATE_281","Maldives","ENG","","ENG","","West Indian","1","281-Maldives.txt"
"282","STATE_282","Tokyo","TSH","","TSH","1182=30","Home Islands","10","282-Tokyo.txt"
"283","STATE_283","Lanxin","QNG","","QNG","12732=3 2022=5","Western China","6","283-Lanxin.txt"
"284","STATE_284","Wellington","NZL","","NZL","1814=10","New Nealand","5","284-Wellington.txt"
"285","STATE_285","Coastal NSW","NSW","","NSW","7450=5 12406=20 7520=1","Eastern Australia","12","285-New South Wales.txt"
"286","STATE_286","Hai Duong","VIN","","VIN","4334=3 12204=1","South East Asia","7","286-Hai Duong.txt"
"287","STATE_287","Taklamakan","QNG","","QNG","","Central Asia","2","287-Taklamakan.txt"
"288","STATE_288","Burma","RAJ","","PAG BRM","","Burma","17","288-Burma.txt"
"289","STATE_289","Bangkok","SIA","","SIA","7408=10 10221=1 4566=1","Siam","12","289-Bangkok.txt"
"290","STATE_290","Er Rif","MOR","","MOR RIF","","North West Africa","4","290-Er Rif.txt"
"291","STATE_291","Baghdad","OTO","","IRQ","2097=20","Middle East","3","291-Baghdad.txt"
"292","STATE_292","Ha'il","JSH","","JSH NJD","2057=1 4968=5","Arabian Coast","9","292-Ha'il.txt"
"293","STATE_293","Yemen","YEM","","YEM","10840=3","Arabian Coast","5","293-Yemen.txt"
"294","STATE_294","Muscat","OMA","","OMA","2103=1 8020=1 4993=1 10760=3","Arabian Coast","6","294-Muscat.txt"
"295","STATE_295","Azandeland","BKW","","BKW","","Rift Valley","3","295-Azandeland.txt"
"296","STATE_296","Guinea-Bissau","POR","","","","Guinea Coast","1","296-Guinea Bissau.txt"
"297","STATE_297","Equatorial Guinea","BKW","","BKW","","Equatorial Coast","1","297-Equatorial Guinea.txt"
"298","STATE_298","Liberia","LIB","","LIB","7959=5 13221=1","Guinea Coast","2","298-Liberia.txt"
"299","STATE_299","Falklands","ENG","","","","South Georgia Sea","1","299-Falkands.txt"
"300","STATE_300","Montevideo","URG","","URG","10362=20","Platine Plateau","1","300-Montevideo.txt"
"301","STATE_301","Parana Ocidental","BRA","","BRA","","Brazil","6","301-West Parana.txt"
"302","STATE_302","La Paz","BOL","","BOL","5230=5","Northern Andes","7","302-La Paz.txt"
"303","STATE_303","San Martin","PRU","","PRU PRR","8199=1","Northern Andes","6","303-San Martin.txt"
"304","STATE_304","Panama","COL","","COL","7630=5","Central America","2","304-Panama.txt"
"305","STATE_305","Ecuador","ECU","","ECU","12798=5 8252=1","Northern South America","7","305-Ecuador.txt"
"306","STATE_306","Cundinamarca","COL","","COL","10747=10","Northern South America","7","306-Cundinamarca.txt"
"307","STATE_307","Miranda","VEN","","VEN","8113=5","Northern South America","11","307-Miranda.txt"
"308","STATE_308","Leeward Islands","ENG","","","","Caribbean Sea","3","308-Leeward Islands.txt"
"309","STATE_309","Suriname","HOL","","","","Amazonian Brazil","3","309-Suriname.txt"
"310","STATE_310","Guiana","FRA","","","12885=1","Amazonian Brazil","2","310-Guiana.txt"
"311","STATE_311","Belize","ENG","","","","Yucatan Peninsula","1","311-Belize.txt"
"312","STATE_312","Honduras","HON","","HON","12865=3","Central America","3","312-Honduras.txt"
"313","STATE_313","Guatemala","GUA","","GUA","10886=3","Yucatan Peninsula","4","313-Guatemala.txt"
"314","STATE_314","El Salvador","ELS","","ELS","12823=3","Central America","2","314-El Salvador.txt"
"315","STATE_315","Cuba","SPR","","","7590=5 1550=10 4476=1 7451=10","Caribbean Sea","7","315-Cuba.txt"
"316","STATE_316","Costa Rica","COS","","COS","13087=3","Central America","3","316-Costa Rica.txt"
"317","STATE_317","Nicaragua","NIC","","NIC","12738=3","Central America","8","317-Nicaragua.txt"
"318","STATE_318","Port au Prince","HAI","","HAI","4641=5 13310=5","Caribbean Sea","7","318-Port au Prince.txt"
"319","STATE_319","Cibao","DOM","","DOM","13304=5 4598=3","Caribbean Sea","4","319-Cibao.txt"
"320","STATE_320","Pondicherry","FRA","","","","Southern India","1","320-Pondicherry.txt"
"321","STATE_321","Goa","POR","","","1273=1","Southern India","1","321-Goa.txt"
"322","STATE_322","Tibet","QNG","","TIB QNG","5033=5","Himalayas","21","322-Tibet.txt"
"323","STATE_323","Nepal","NEP","","NEP","4987=3 10825=1","Himalayas","13","323-Nepal.txt"
"324","STATE_324","Bhutan","BHU","","BHU","8010=3","East India","8","324-Bhutan.txt"
"325","STATE_325","Yunnan","QNG","","QNG PTH","15812=20 15803=3 1383=3 4501=5 15814=1 15813=3 1172=5 15818=5 15816=3 12841=5","Quinghai","37","325-Yunnan.txt"
"326","STATE_326","Hong Kong","ENG","","QNG LEG","10062=3","South West China","1","326-Hong Kong.txt"
"327","STATE_327","Manila","SPH","","SPH","10265=15 1221=1","Philippines","9","327-Manila.txt"
"328","STATE_328","Jilin","QNG","","QNG","4572=3","Manchuria","18","328-Kirin.txt"
"329","STATE_329","Tannu Uriankhai","QNG","","QNG","10627=1","Central Steppe","12","329-Tannu Uriankhai.txt"
"330","STATE_330","Mongolia","QNG","","QNG MON","4801=5","Central Steppe","22","330-Mongolia.txt"
"331","STATE_331","Newfoundland","NFL","","NFL","12505=20 13196=5 14578=5 3208=1 7758=3 10176=1 12680=3 4666=1","Eastern Canada","17","331-Newfoundland.txt"
"332","STATE_332","Hudson Bay Labrador","HBC","","HBC","","Eastern Canada","2","332-Inner Labrador.txt"
"333","STATE_333","East Sarawak","BRU","","","","Borneo","2","333-Outer Sarawak.txt"
"334","STATE_334","South Kalimantan","INS","","","","Borneo","16","334-South Kalimantan.txt"
"335","STATE_335","Central Java","INS","","","","Guinea","8","335-Central Java.txt"
"336","STATE_336","Malacca","RAJ","","SLG KDH","7427=5 13936=1 13938=1","Malaya","3","336-Malacca.txt"
"337","STATE_337","Faroes","DEN","","DEN","13003=1","Norwegian Sea","1","337-Faroes.txt"
"338","STATE_338","Gloucestershire","ENG","","ENG","3369=10","Southern England","6","338-Gloucestershire.txt"
"339","STATE_339","Smyrna","OTO","","OTO","4112=5","Asia minor","4","339-Smyrna.txt"
"340","STATE_340","Bursa","OTO","","OTO","947=1 785=3","Asia minor","10","340-Bursa.txt"
"341","STATE_341","Adrianople","OTO","","BUL","13816=5","Greece","5","341-Adrianople.txt"
"342","STATE_342","Adalia","OTO","","OTO","1005=1 9929=1 9941=1","Asia minor","11","342-Adalia.txt"
"343","STATE_343","Afyon","OTO","","OTO","","Asia minor","18","343-Afyon.txt"
"344","STATE_344","Adana","OTO","","OTO","9893=3 11746=1 7620=1","Asia minor","11","344-Adana.txt"
"345","STATE_345","Mersin","OTO","","OTO","10056=5","Asia minor","7","345-Mersin.txt"
"346","STATE_346","Konya","OTO","","OTO","940=1","Asia minor","10","346-Konya.txt"
"347","STATE_347","Izmit","OTO","","OTO","890=1 11866=3","Asia minor","9","347-Izmit.txt"
"348","STATE_348","Kayseri","OTO","","OTO","11826=1 3870=5","Asia minor","14","348-Kayseri.txt"
"349","STATE_349","Sivas","OTO","","OTO","","Asia minor","8","349-Silvas.txt"
"350","STATE_350","Diyarbekir","OTO","","KUR","11739=5 9823=1 12416=1","Asia minor","13","350-Malatya.txt"
"351","STATE_351","Vologda","RUS","","RUS","","Artic Russia","67","351-Vologda.txt"
"352","STATE_352","Hakkari","OTO","","KUR ASY","1463=1","Asia minor","3","352-Hakkari.txt"
"353","STATE_353","Van","OTO","","KUR ARM","11880=1 6935=3","Asia minor","14","353-Van.txt"
"354","STATE_354","Trabzon","OTO","","OTO","14444=5 9932=3","Asia minor","9","354-Trabzon.txt"
"355","STATE_355","Samsun","OTO","","OTO","","Asia minor","9","355-Samsun.txt"
"356","STATE_356","Kastamonu","OTO","","OTO","","Asia minor","11","356-Kastamonu.txt"
"357","STATE_357","Massachusetts","USA","","USA NEG","908=3 14460=5 14462=5 718=4 6732=6 14461=14 3710=5","New England","14","357-Massachusetts.txt"
"358","STATE_358","New York","USA","","USA","14537=8 6795=3 14530=3 6707=2 14534=3 11662=2 3806=3 6911=4 11654=9 10381=2 3602=2 14536=2 14522=2 1436=2 6778=3 14525=2 734=7 14535=2 8086=4 3878=28 14520=3 6916=5 3747=5 14526=2 14517=4 14521=2 14532=4 14518=2 14538=6 3894=1 598=3 11722=3 9693=3 14529=2 11650=2 14531=3 9774=2 14539=2 3733=2 14519=1 14527=2","New England","59","358-New York.txt"
"359","STATE_359","New Jersey","USA","","USA","14512=4 14505=8 14504=5 14509=2 14511=4 11782=3 14507=3 3693=4 14508=3 3863=1","East Coast","21","359-New Jersey.txt"
"360","STATE_360","Pennsylvania","USA","","USA","14554=7 14550=5 14559=2 14548=2 3850=2 11799=2 14545=2 14566=2 14541=2 14562=2 14565=4 14546=2 3687=3 9789=2 3847=2 847=1 14572=3 3824=4 14542=1 6869=2 14553=3 862=2 11817=2 14564=2 14547=3 14568=2 14552=3 11785=1 6845=23 9820=3 14567=2 14544=2 3897=2 11789=1 822=3","East Coast","67","360-Pennsylvania.txt"
"361","STATE_361","Maryland","USA","","USA","6823=2 14583=2 6984=15 9758=1 14580=3 14587=1 14581=1 6929=2","East Coast","23","361-Maryland.txt"
"362","STATE_362","Virginia","USA","","USA","3823=15 788=10 873=2 11738=5","East Coast","18","362-Virginia.txt"
"363","STATE_363","North Carolina","USA","","USA","7138=5 10081=1 7045=3 1132=5","East Coast","20","363-North Carolina.txt"
"364","STATE_364","South Carolina","USA","","USA","7202=15 7012=3","East Coast","12","364-South Carolina.txt"
"365","STATE_365","Georgia","USA","","USA","15102=2 15104=3 15027=1 15156=1 15019=1 15066=5 15091=2 15034=1 15119=1 15140=2 15114=2 15023=1 15036=1 15152=2 15139=3 15074=1 15142=1 15088=1 15116=1 15132=1 15098=1 15083=1 15069=1 10492=1 15126=1 15095=3 15127=1 15106=1 15056=1 15123=1 15038=1 15082=4 15159=1 15120=2 12498=1 15087=1 15108=1 15111=1 7583=1 15157=1 15086=1","East Coast","161","365-Georgia.txt"
"366","STATE_366","Florida","USA","","USA","14406=1 10352=2 10407=1 14391=1 14384=1 14421=1 1556=1 14382=1 13730=2 12381=1 9834=1 7388=1 14404=1 14405=1","East Coast","62","366-Florida.txt"
"367","STATE_367","Alabama","USA","","USA","14927=1 10520=1 14920=1 14918=1 14955=1 14924=2 14928=2 4622=2 14931=2 14940=1 10192=1 14956=2 14951=1 7480=5 492=3 14954=1 14937=2","East Coast","67","367-Alabama.txt"
"368","STATE_368","Tennessee","USA","","USA","8083=5 7797=10 10909=3 913=2","Midwest","15","368-Tennesse.txt"
"369","STATE_369","Kentucky","USA","","USA","15484=1 15448=2 15431=3 15437=1 4402=2 15417=1 15467=3 15463=2 10586=1 15419=1 1445=1 15416=2 15442=8 15432=4 15408=1 15410=1 15476=2 15404=2 15428=2","Midwest","120","369-Kentucky.txt"
"370","STATE_370","Mississippi","USA","","USA","15633=3 15660=1 15640=1 15668=1 15670=1 12328=1 15618=1 15619=1 15644=2 15620=1 15639=1 15673=1 15663=1 15631=1 15659=2 4565=1 15672=2 15680=2 15654=1 15645=1 15684=1 15643=2 15658=1 15638=1 15674=1 15651=1","Midwest","82","370-Mississippi.txt"
"371","STATE_371","Louisiana","USA","","USA","15512=1 12401=2 15534=1 15511=2 15508=1 15516=1 14297=1 15519=1 7552=1 15549=1 15520=13 15540=1 12398=1 1528=1 15531=1 4507=1 15515=1 15554=1 15507=1","Midwest","65","371-Louisiana.txt"
"372","STATE_372","Arkansas","USA","","USA","14998=1 14983=1 14966=1 15003=1 4625=1 14977=1 15012=1 14965=1 14978=1 14985=1 14984=2 15017=1 12778=1 14990=1 15004=1 1646=1","Midwest","75","372-Arkansas.txt"
"373","STATE_373","Missouri","USA","","USA","15762=1 15731=3 1523=1 15709=2 15729=1 15764=2 15760=2 15767=1 15766=1 15693=1 15761=1 15754=1 15726=2 15727=2 15783=1 10391=1 7607=2 15712=1 15750=1 15773=1 15730=1 15770=2 15756=1 15771=12","Midwest","114","373-Missouri.txt"
"374","STATE_374","Oklahoma","OKL","","","","South West","3","374-Oklahoma.txt"
"375","STATE_375","Texas","USA","","USA TEX","5022=10 12782=5 2042=3 12369=1 10740=2 3960=10 9920=5 6968=1 10337=15 10861=1 1500=3 8064=3 1998=1 9773=5 3972=2","South West","49","375-Texas.txt"
"376","STATE_376","Delaware","USA","","USA","9786=2 14432=5","East Coast","3","376-Delaware.txt"
"377","STATE_377","Southern Arizona","NMX","","","7920=1 14465=1 14464=1 853=1 8115=1 3834=1 12765=1 14466=1 6897=1 10783=1","Rocky Mountains","10","377-Southern Arizona.txt"
"378","STATE_378","Southern California","USA","","USA CAL","10387=1 9814=2 4727=1 1562=1 6881=1 14291=1","West Coast","10","378-Southern California.txt"
"379","STATE_379","Great Basin","UTA","","","","Rocky Mountains","10","379-Great Basin.txt"
"380","STATE_380","Utah","UTA","","","4865=3 10662=1","Rocky Mountains","14","380-Utah.txt"
"381","STATE_381","Yellowstone","ORE","","ORE","","Central USA","2","381-Yellowstone.txt"
"382","STATE_382","Ute","UTA","","","","Rocky Mountains","3","382-Ute.txt"
"383","STATE_383","Kansas","KNS","","","12024=1 7892=2 7834=3 1352=4","Central USA","11","383-Kansas.txt"
"384","STATE_384","Nebraska","DAK","","","12586=3 3708=1","Central USA","13","384-Nebraska.txt"
"385","STATE_385","Oregon","ORE","","","3513=5 11733=1 4826=1","West Coast","24","385-Oregon.txt"
"386","STATE_386","Washington","WSH","","","7315=10 10271=1 1690=1","West Coast","23","386-Washington.txt"
"387","STATE_387","Idaho","ORE","","ORE","1789=1 9616=2 12535=3","Rocky Mountains","8","387-Idaho.txt"
"388","STATE_388","Montana","DAK","","","1851=1","Central USA","17","388-Montana.txt"
"389","STATE_389","North Dakota","MIN","","","1836=1","Central USA","8","389-North Dakota.txt"
"390","STATE_390","South Dakota","MIN","","","10595=1","Central USA","6","390-South Dakota.txt"
"391","STATE_391","Minnesota","MIN","","","1866=5 1719=1 4807=2 1734=1","Midwest","20","391-Minnesota.txt"
"392","STATE_392","Iowa","USA","","USA","15390=1 15389=1 15352=2 15341=3 15387=3 15339=2 15386=1 15350=2 15340=2 15333=2 10478=2 15348=2 15321=2 15353=3","Midwest","100","392-Iowa.txt"
"393","STATE_393","Michigan","USA","","USA","15590=1 11641=2 15617=2 691=2 11669=2 15574=1 15576=2 15575=2 15570=2 15583=3 15573=2 15572=2 11714=1 15578=2 15582=1 15587=2 9724=2 11656=2 6710=7","Midwest","73","393-Michigan.txt"
"394","STATE_394","Wisconsin","USA","","USA","12357=5 12456=5 4166=2 1760=1","Midwest","18","394-Wisconsin.txt"
"395","STATE_395","Illinois","USA","","USA","15210=4 15161=1 15235=2 6737=2 15207=2 9450=10 15196=1 15238=1 15169=1 15226=1 15216=1 15208=3 15228=1 15225=1 10339=2 15233=2 12368=2 15231=1 7611=1 15203=1 720=2 15201=1 15187=2 15183=1 15222=1 12497=1 15167=1 4590=1 15234=1 15195=2 15217=1 15238=1 15206=2 1527=4 15168=1 15237=1 12305=1 15218=2 15188=3 15204=3 15223=2 15220=2 1655=1 15175=1 15215=1 15232=1 9682=3 15236=3","Midwest","102","395-Illinois.txt"
"396","STATE_396","Indiana","USA","","USA","15314=3 15266=1 15282=1 4437=1 15305=2 15253=2 15249=1 15261=1 15270=2 15267=1 15285=1 15310=1 15292=1 15252=4 15274=1 4527=1 15243=1 15283=1 1595=1 15289=1 15306=1 15316=1 15255=3 15268=1 15279=1 11635=2 6713=2 15263=1 15284=1 15281=4 15303=1 15307=2 15264=2 4531=1 15271=1 15276=1 15248=1 15242=1 15277=1 15288=1 15291=1 15302=2 9796=1 15247=1 15257=1 15256=1 15273=3 9810=1 15245=3 15258=3 15308=1 15272=1 1881=1 15290=2 15315=1","Midwest","92","396-Indiana.txt"
"397","STATE_397","Komi","RUS","","RUS","99=1","Artic Russia","35","397-Komi.txt"
"398","STATE_398","Perm","RUS","","RUS","7375=1","Transvolga","29","398-Perm.txt"
"399","STATE_399","Izhevsk","RUS","","RUS","","Transvolga","22","399-Izhevsk.txt"
"400","STATE_400","Vyatka","RUS","","RUS","6124=1","Transvolga","59","400-Vyatka.txt"
"401","STATE_401","Pokrovskaya Sloboda","RUS","","RUS","","Western Steppe","23","401-Engels.txt"
"402","STATE_402","Akhtubinsk","RUS","","KAZ","","Great Steppe","11","402-Akhtubinsk.txt"
"403","STATE_403","Sirhind","KAR","","KAR RAJ","12822=2 10729=1","Pakistan","5","403-Sirhind.txt"
"404","STATE_404","Kyzyl Orda","RUS","","KAZ","","Great Steppe","10","404-Kyzyl Orda.txt"
"405","STATE_405","Bukhara","BUK","","BUK","1573=5","Great Steppe","13","405-Bukhara.txt"
"406","STATE_406","Uralsk","RUS","","KAZ","464=1","Western Steppe","35","406-Uralsk.txt"
"407","STATE_407","Temir Uezd","RUS","","KAZ","","Western Steppe","18","407-Temir Uezd.txt"
"408","STATE_408","Primorsky","QNG","","QNG","957=2","Russian Far East","59","408-Vladivostok.txt"
"409","STATE_409","Itu o Fafine","TUA","","TUA","","West Polynesia","3","409-Itu o Fafine.txt"
"410","STATE_410","West Baluchistan","PER","","PER","","Iran","11","410-West Baluchistan.txt"
"411","STATE_411","Isfahan","PER","","PER","2026=10 10828=6 5067=6","Iran","9","411-Isfahan.txt"
"412","STATE_412","West Fars","PER","","PER","8117=7 10797=5","Iran","11","412-West Fars.txt"
"413","STATE_413","Arabistan","KHU","","KHU","7953=1 13551=2","Iran","6","413-Khuzestan.txt"
"414","STATE_414","Kerman","PER","","PER","10913=6","Iran","10","414-Kerman.txt"
"415","STATE_415","Herat","AFO","","AFG AFO","4893=3","Afghanistan Area","8","415-Herat.txt"
"416","STATE_416","Khorasan","PER","","PER","5029=7","Iran","9","416-Khorasan.txt"
"417","STATE_417","Hamadan","PER","","PER","10922=5","Iran","5","417-Hamadan.txt"
"418","STATE_418","Semnan","PER","","PER","","Iran","7","418-Semnan.txt"
"419","STATE_419","Tibriz","PER","","PER","1896=12 4755=3 12861=4","Iran","7","419-Tibriz.txt"
"420","STATE_420","Gilan","PER","","PER","4609=5 4637=4 4901=4","Iran","7","420-Gilan.txt"
"421","STATE_421","Kurdistan","PER","","PER","12773=5","Iran","8","421-Kurdistan.txt"
"422","STATE_422","Ceylon","RAJ","","RAJ SRL","7260=1","Southern India","4","422-South Ceylon.txt"
"423","STATE_423","Tamil Nadu","RAJ","","RAJ","12180=10 1409=5 4327=2 1381=1 10246=3","Southern India","19","423-Tamil Nadu.txt"
"424","STATE_424","Andhra","RAJ","","RAJ","12779=2 1430=1 7340=2","Southern India","15","424-Andhra.txt"
"425","STATE_425","Mysore","MYS","","MYS RAJ","8011=5 4344=5","Southern India","9","425-Mysore.txt"
"426","STATE_426","Lower Orissa","RAJ","","RAJ","10088=5 10116=3","Deccan Plateau","8","426-Lower Orissa.txt"
"427","STATE_427","Deccan","HYD","","HYD RAJ","8087=4 7411=1","Deccan Plateau","21","427-Hyderabad.txt"
"428","STATE_428","Kutch","GUJ","","GUJ RAJ","1061=1","Pakistan","7","428-Kutch.txt"
"429","STATE_429","North Konkan","RAJ","","RAJ","1349=15 7119=3 4187=1","Deccan Plateau","12","429-North Konkan.txt"
"430","STATE_430","East Bengal","RAJ","","RAJ","11929=1","East India","9","430-East Bengal.txt"
"431","STATE_431","West Bengal","RAJ","","RAJ","4245=20 7220=3 4644=5","East India","9","431-West Bengal.txt"
"432","STATE_432","Assam","RAJ","","BHU","","East India","11","432-Assam.txt"
"433","STATE_433","Rajahsthan","RJP","","RJP RAJ","4984=2 1908=3","Pakistan","11","433-Rajahsthan.txt"
"434","STATE_434","Tawang","QNG","","QNG TIB","","East India","5","434-Arunachal.txt"
"435","STATE_435","Bihar","RAJ","","RAJ","4459=3 4516=10 7537=3","Northern India","12","435-Bihar.txt"
"436","STATE_436","Berar","RAJ","","","","Deccan Plateau","18","436-Berar.txt"
"437","STATE_437","Vindhya","GWA","","GWA RAJ","2105=3 11995=3","Deccan Plateau","9","437-Indore.txt"
"438","STATE_438","Lower Doab","SRS","","SRS RAJ","12777=10 14137=5 2005=2","Northern India","8","438-Lower Doab.txt"
"439","STATE_439","Delhi","SRS","","SRS RAJ","14124=15 2032=2","Northern India","3","439-Delhi.txt"
"440","STATE_440","Punjab","KAR","","KAR RAJ","4979=1 12005=5","Pakistan","8","440-West Punjab.txt"
"441","STATE_441","Kashmir","KAS","","KAS","7273=1","Himalayas","4","441-Kashmir.txt"
"442","STATE_442","Peshawar","RAJ","","AFG AFO","12763=3 4998=1","Afghanistan Area","5","442-Peshawar.txt"
"443","STATE_443","Sindh","RAJ","","RAJ","14125=1","Pakistan","8","443-Sindh.txt"
"444","STATE_444","East Baluchistan","PER","","PER","","Afghanistan Area","3","444-East Baluchistan.txt"
"445","STATE_445","Quetta","AFG","","AFG AFO","8098=2","Afghanistan Area","10","445-Quetta.txt"
"446","STATE_446","Cairo","EGY","","EGY","7011=25 1068=1","Egypt","9","446-Cairo.txt"
"447","STATE_447","Alexandria","EGY","","EGY","4076=20 1071=1 11964=3","Egypt","7","447-Alexandria.txt"
"448","STATE_448","Tripoli","LBA","","LBA","1149=15 9980=1","North Africa","8","448-Tripoli.txt"
"449","STATE_449","El Agheila","OTO","","LBA","4047=3","North Africa","7","449-El Agheila.txt"
"450","STATE_450","Benghasi","OTO","","LBA SNS","11954=5","North Africa","6","450-Benghasi.txt"
"451","STATE_451","Derna","UCT","","UCT","","Sahara Desert","2","451-Ghat.txt"
"452","STATE_452","Marsa Matruh","EGY","","EGY","11967=1","Egypt","5","452-Marsa Matruh.txt"
"453","STATE_453","Sinai","OTO","","EGY","11979=1","Middle East","7","453-Sinai.txt"
"454","STATE_454","Nablus","OTO","","SYR PAL","7107=1","Middle East","3","454-West Bank.txt"
"455","STATE_455","Jordan","OTO","","SYR","7151=3 10089=1","Middle East","9","455-Jordan.txt"
"456","STATE_456","Aswan","EGY","","EGY","7144=1 1028=5 1151=1 11974=1","Egypt","15","456-Aswan.txt"
"457","STATE_457","Eastern Sahara","EGY","","EGY","","Egypt","2","457-Eastern Sahara.txt"
"458","STATE_458","Tunis","TUN","","TUN","11969=20 9994=1 11921=3 7162=3 7077=1","North Africa","10","458-Tunis.txt"
"459","Greater Algiers","Algiers","FRA","","ALG","9964=1 4146=1","North Africa","9","459-Algiers.txt"
"460","STATE_460","Constantine","FRA","","ALG","12051=10 1160=5 1141=1 10059=1","North Africa","13","460-Constantine.txt"
"461","STATE_461","Morocco","MOR","","MOR","7069=19 10070=8 11943=2 11987=20 7100=1","North West Africa","17","461-Morocco.txt"
"462","STATE_462","Marrakesh","MOR","","MOR","1102=2 10107=5 8046=2","North West Africa","14","462-Marrakesh.txt"
"463","STATE_463","Alaska","ALK","","","7884=1 13090=1 13091=3 13203=5","Alaska","16","463-Alaska.txt"
"464","STATE_464","Nova Scotia","NVS","","NVS","7361=50 4360=1 4430=5 14608=10 14607=10 14613=5 7304=10 14614=5 14615=3 10244=5 4623=10 7644=1 14606=1 14598=10 14604=15 14602=2 14605=1 14600=2 14885=5","New England","32","464-Nova Scotia.txt"
"465","STATE_465","New Brunswick","BRK","","BRK","14828=40 14830=40 1424=5 14833=2 14829=3 14834=5 14826=10 4285=10 12289=1 4432=2 14838=3 14837=2 14836=3 14835=3 14832=1","New England","31","465-New Brunswick.txt"
"466","STATE_466","Rupert River","HBC","","HBC","","Eastern Canada","4","466-Hudson Bay Labrador.txt"
"467","STATE_467","Swan River","HBC","","HBC","4872=5 14655=1 14857=10 12688=1 14858=3","Western Canada","10","467-Manitoba.txt"
"468","STATE_468","Northern Quebec","CAN","","CAN","","Eastern Canada","2","468-Côte-Nord.txt"
"469","STATE_469","Saskatchewan","HBC","","HBC","4739=2","Western Canada","31","469-Saskatchewan.txt"
"470","STATE_470","Peace River","HBC","","HBC","12534=1","Western Canada","12","470-Peace River.txt"
"471","STATE_471","Yukon","HBC","","HBC","","Western Canada","4","471-Yukon.txt"
"472","STATE_472","Northwest Territory","HBC","","HBC","","Western Canada","9","472-Northwest Territory.txt"
"473","STATE_473","Squamish","HBC","","HBC","1408=3 1858=1","Western Canada","7","473-Squamish.txt"
"474","STATE_474","Yucatan","MEX","","MEX MAY","","Yucatan Peninsula","2","474-Yucatan.txt"
"475","STATE_475","Chiapas","MEX","","MEX","","Yucatan Peninsula","3","475-Chiapas.txt"
"476","STATE_476","Oaxaca","MEX","","MEX","","Yucatan Peninsula","3","476-Oaxaca.txt"
"477","STATE_477","Veracruz","MEX","","MEX","12810=5","Mexico","5","477-Veracruz.txt"
"478","STATE_478","Jalisco","MEX","","MEX","13089=1","Mexico","6","478-Jalisco.txt"
"479","STATE_479","Tamaulipas","MEX","","MEX","","Mexico","5","479-Tamaulipas.txt"
"480","STATE_480","Coahuila","MEX","","MEX","12835=10 10746=1","Sierra Madre","8","480-Coahuila.txt"
"481","STATE_481","Durango","MEX","","MEX","","Sierra Madre","5","481-Durango.txt"
"482","STATE_482","Chihuahua","MEX","","MEX","8097=5 10830=5","Sierra Madre","11","482-Chihuahua.txt"
"483","STATE_483","Sonora","MEX","","MEX","8012=2 10765=3 4908=1","Sierra Madre","7","483-Sonora.txt"
"484","STATE_484","Baja California","MEX","","MEX","12461=1 1892=1","Sierra Madre","4","484-Baja California.txt"
"485","STATE_485","Guerrero","MEX","","MEX","","Mexico","4","485-Guerrero.txt"
"486","STATE_486","Meta","COL","","COL","","Northern South America","10","486-Meta.txt"
"487","STATE_487","Chiquitos","BOL","","BOL","","Amazonian Brazil","5","487-Chiquitos.txt"
"488","STATE_488","Bolivar","VEN","","VEN","","Northern South America","9","488-Bolivar.txt"
"489","STATE_489","Zulia","VEN","","VEN","1944=1","Northern South America","7","489-Zulia.txt"
"490","STATE_490","Pastaza","ECU","","ECU","10942=2","Northern Andes","3","490-Pastaza.txt"
"491","STATE_491","Loreto","PRU","","PRU PRR","","Northern Andes","3","491-Loreto.txt"
"492","STATE_492","Arequipa","PRR","","PRR PRU","13686=1","Northern Andes","2","492-Arequipa.txt"
"493","STATE_493","La Libertad","COL","","COL","2023=1 12790=5","Northern South America","12","493-La Libertad.txt"
"494","STATE_494","Ucayali","PRU","","PRU PRR","","Northern Andes","6","494-Ucayali.txt"
"495","STATE_495","Amazonas","BRA","","BRA","10934=8","Amazonian Brazil","12","495-Amazonas.txt"
"496","STATE_496","Para","BRA","","BRA","12853=30","Amazonian Brazil","16","496-Para.txt"
"497","STATE_497","Maranhao","BRA","","BRA","12933=8","Brazil","9","497-Maranhao.txt"
"498","STATE_498","Rio Grande do Norte","BRA","","BRA","10933=8 2227=8","Brazil","6","498-Rio Grande do Norte.txt"
"499","STATE_499","Bahia","BRA","","BRA","10946=35 4617=5 5194=1 14026=1 14027=1 14028=1","Brazil","20","499-Bahia.txt"
"500","STATE_500","Rio de Janeiro","BRA","","BRA","12996=5 10980=5 8190=3","Brazil","10","500-Rio de Janerio.txt"
"501","STATE_501","Sao Paulo","BRA","","BRA","10513=15 14017=3 5112=3","Brazil","23","501-Saol Paulo.txt"
"502","STATE_502","Rio Grande do Sul","BRA","","BRA","14477=1 7638=3 14483=3 14485=5 14012=10 10447=15","Brazil","22","502-Rio Grande do Sul.txt"
"503","STATE_503","Santa Catarina","BRA","","BRA","10405=8","Brazil","9","503-Santa Catarina.txt"
"504","STATE_504","Piaui","BRA","","BRA","5153=8 2228=3","Brazil","5","504-Piaui.txt"
"505","STATE_505","Goias","BRA","","BRA","12987=3","Brazil","10","505-Goias.txt"
"506","STATE_506","Atacama","CHL","","CHL","5171=5","Platine Plateau","15","506-Atacama.txt"
"507","STATE_507","Magallanes","WLL","","WLL","","Platine Plateau","5","507-Magallanes.txt"
"508","STATE_508","Tucuman","ARG","","ARG BUE","8216=1","Platine Plateau","7","508-Tucuman.txt"
"509","STATE_509","Buenos Aires City","BUE","","BUE ARG","12364=5","Platine Plateau","1","509-Buenos Aires.txt"
"510","STATE_510","Santa Fe","ARG","","ARG BUE","7500=1 5163=1","Platine Plateau","2","510-Mesopotamia.txt"
"511","STATE_511","Mendoza","ARG","","ARG BUE","8215=1","Platine Plateau","8","511-Mendoza.txt"
"512","STATE_512","Patagonia","WLL","","WLL","10953=5","Platine Plateau","13","512-Patagonia.txt"
"513","STATE_513","Oran","FRA","","ALG","4150=3 7132=10","North Africa","13","513-Tlemcen.txt"
"514","STATE_514","Algerian Desert","UCT","","UCT","","Sahara Desert","8","514-Algerian Desert.txt"
"515","STATE_515","Southern Sahara","UCT","","UCT","","Sahara Desert","7","515-Southern Sahara.txt"
"516","STATE_516","Northern Siberia","RUS","","RUS","","Siberian Region","17","516-Northern Siberia.txt"
"517","STATE_517","Victoria","VIC","","VIC","7798=20 2130=3 10581=1 12576=5 4791=2","Eastern Australia","14","517-Victoria.txt"
"518","STATE_518","Tasmania","TSM","","TSM","2189=5 5181=2","Eastern Australia","6","518-Tasmania.txt"
"519","STATE_519","South Australia","SAS","","SAS","12910=5 5225=3 1773=2 2219=1 8220=1","Austrialia","14","519-South Australia.txt"
"520","STATE_520","Northern Territory","NSW","","NSW","7669=5 7481=1 1410=2 12104=1 12311=1","Northern Australia","28","520-Northern Territory.txt"
"521","STATE_521","Inner Queensland","NSW","","NSW","","Eastern Australia","15","521-Inner Queensland.txt"
"522","STATE_522","Western Australia","SRC","","SRC","1652=10 8243=2 1540=2 12323=1 4645=1 8152=2 2201=3 10950=1","Central Australia","23","522-Western Australia.txt"
"523","STATE_523","Port Moresby","PNG","","PNG","4329=3","New Guinea","26","523-Port Moresby.txt"
"524","STATE_524","Taiwanfu","QNG","","QNG","1091=3","Formosa","3","524-Taiwanfu.txt"
"525","STATE_525","Jeolla","KOR","","KOR","4126=5","Korea","8","525-Jeolla.txt"
"526","STATE_526","Okinawa","RYU","","RYU","11932=10","East China Sea","2","526-Okinawa.txt"
"527","STATE_527","Coastal Queensland","NSW","","NSW","7564=5 7566=1 10445=1 4481=1 7651=2 10460=3 10378=3 7506=1 12957=2","Eastern Australia","40","527-Coastal Queensland.txt"
"528","STATE_528","Miyazaki","TSH","","TSH","","Home Islands","7","528-Higo.txt"
"529","STATE_529","Izumo","TSH","","TSH","1167=2 10055=1","Home Islands","5","529-Iwami.txt"
"530","STATE_530","Santo Domingo","DOM","","DOM","7660=5","Caribbean Sea","1","530-Santo Domingo.txt"
"531","STATE_531","Hyogo","TSH","","TSH","1136=10 13921=10","Home Islands","6","531-Harima.txt"
"532","STATE_532","Shizuoku","TSH","","TSH","7087=3 10125=15","Home Islands","6","532-Tokai.txt"
"533","STATE_533","Miyagi","DTE","","TSH DTE","7169=15","Home Islands","9","533-Mutsu.txt"
"534","STATE_534","Niigata","TSH","","TSH","1117=10 10015=5 13929=1","Home Islands","8","534-Hokuriku.txt"
"535","STATE_535","Ishikawa","TSH","","TSH","10032=15 7102=2","Home Islands","6","535-Echizen.txt"
"536","STATE_536","Ezo","TSH","","TSH","10444=10 3962=5 12421=2","Home Islands","12","536-Hokkaido.txt"
"537","STATE_537","South Sakhalin","UCT","","","","Russian Far East","3","537-South Sakhalin.txt"
"538","STATE_538","Naqab","OTO","","SYR PAL","","Middle East","4","538-Naqab.txt"
"539","STATE_539","Outer Gabon","BKW","","BKW","13417=1","Equatorial Coast","3","539-Outer Gabon.txt"
"540","STATE_540","Angolan Plateaus","KBD","","KBD","","Kalahari Desert","3","540-Angolan Plateau.txt"
"541","STATE_541","Namibian Desert","OOR","","OOR","2207=1","Kalahari Desert","6","541-Namibian Desert.txt"
"542","STATE_542","Damagaram","HAS","","HAS","10758=2","Tschad Basin","6","542-Goure.txt"
"543","STATE_543","Toamsina","MRN","","MRN","5128=2","Madgascar","4","543-Toamsina.txt"
"544","STATE_544","Zambezi","NYW","","NYW","10972=1","Mozambique","7","544-Zambezi.txt"
"545","STATE_545","Mashonaland","ROZ","","ROZ","10929=1","Katanga Plateau","6","545-Mashonaland.txt"
"546","STATE_546","Tanganyika","NYW","","NYW","5180=3","East Africa","5","546-Tanganyika.txt"
"547","STATE_547","Kenya","NYW","","NYW","","East Africa","7","547-Kenya.txt"
"548","STATE_548","Uganda","NYW","","NYW","12929=1","Rift Valley","4","548-Uganda.txt"
"549","STATE_549","Sudan","EGY","","EGY","10739=1 2016=1","Sudan","10","549-Sudan.txt"
"550","STATE_550","Inner Eritrea","EGY","","MED","","Ethiopian Highlands","2","550-Inner Eritrea.txt"
"551","STATE_551","Khartoum","EGY","","EGY","12725=1","Sudan","4","551-Khartoum.txt"
"552","STATE_552","Egyptian Desert","EGY","","EGY","","Egypt","4","552-Egyptian Desert.txt"
"553","STATE_553","Lebanon","OTO","","LEB SYR","1108=1","Middle East","3","553-Lebanon.txt"
"554","STATE_554","Damascus","OTO","","SYR","4111=20","Middle East","5","554-Damascus.txt"
"555","STATE_555","Kuril Islands","ALK","","ALK","","Sea of Okhotsk","2","555-Kuril Islands.txt"
"556","STATE_556","Baoule","UCT","","UCT","8065=1","Ivory Coast","9","556-Akan.txt"
"557","STATE_557","Mauritania","UCT","","UCT","1962=1 1897=1 13403=1","Sahara Desert","3","557-Mauritania.txt"
"558","STATE_558","Wukari","GBG","","GBG","1992=3 7978=1","Lower Niger","4","558-Wukari.txt"
"559","STATE_559","Somaliland","MAJ","","MAJ","1966=1","The Horn","4","559-North Somalia.txt"
"560","STATE_560","North Khabarovsk","QNG","","QNG","","Russian Far East","27","560-Nikolayevsk.txt"
"561","STATE_561","Atua","TUA","","TUA","","West Polynesia","1","561-Atua.txt"
"562","STATE_562","Okhotsk","RUS","","RUS","","Eastern Siberia","10","562-Okhotsk.txt"
"563","STATE_563","Chita","RUS","","RUS","","Eastern Siberia","17","563-Chita.txt"
"564","STATE_564","Buryatia","RUS","","RUS","7816=1","Eastern Siberia","12","564-Ulan Ude.txt"
"565","STATE_565","Barguzin","RUS","","RUS","","Eastern Siberia","15","565-Bodaybo.txt"
"566","STATE_566","Irkutsk","RUS","","RUS","4797=3","Eastern Siberia","16","566-Irkutsk.txt"
"567","STATE_567","Bratsk","RUS","","RUS","","Eastern Siberia","18","567-Bratsk.txt"
"568","STATE_568","Krasnoyarsk","RUS","","RUS","4724=1","Western Siberia","16","568-Krasnoyarsk.txt"
"569","STATE_569","Kemerovo","RUS","","RUS","","Western Siberia","11","569-Kemerovo.txt"
"570","STATE_570","Novonikolayevsk","RUS","","RUS","7274=3","Western Siberia","16","570-Novonikolayevsk.txt"
"571","STATE_571","Omsk","RUS","","RUS","4659=2 10696=3","Trans-Urals","30","571-Omsk.txt"
"572","STATE_572","Chelyabinsk","RUS","","RUS","9292=1","Trans-Urals","15","572-Chelyabinsk.txt"
"573","STATE_573","Zlatoust","RUS","","RUS","","Ural Region","16","573-Zlatoust.txt"
"574","STATE_574","Yakutsk","RUS","","RUS","10641=1","Eastern Siberia","26","574-Yakutsk.txt"
"575","STATE_575","Kirensk","RUS","","RUS","","Eastern Siberia","13","575-Kirensk.txt"
"576","STATE_576","Yeniseisk","RUS","","RUS","","Western Siberia","25","576-Yeniseisk.txt"
"577","STATE_577","Khanty-Mansi","RUS","","RUS","","Trans-Urals","39","577-Khanty Mansi.txt"
"578","STATE_578","Tomsk","RUS","","RUS","","Western Siberia","21","578-Tomsk.txt"
"579","STATE_579","Yamalo-Nenets","RUS","","RUS","","Siberian Region","22","579-Yamalo Nenets.txt"
"580","STATE_580","Bundelkhand","REW","","REW RAJ","10332=3 5096=1","Northern India","7","580-Bundelkhand.txt"
"581","STATE_581","Rhine Hesse","HSD","","HSD","","Western Germany","1","581-Rhine Hesse.txt"
"582","STATE_582","Magnitogorsk","RUS","","RUS","","Ural Region","17","582-Magnitogorsk.txt"
"583","STATE_583","Kostanay","RUS","","KAZ","","Great Steppe","23","583-Kustanay.txt"
"584","STATE_584","Turkmenistan","TMS","","TMS","","Great Steppe","14","584-Turkmenistan.txt"
"585","STATE_585","Urgench","KHI","","KHI","","Great Steppe","5","585-Urgench.txt"
"586","STATE_586","Taraz","KOK","","KOK","4686=3","Great Steppe","13","586-Taraz.txt"
"587","STATE_587","Ust Urt","RUS","","KAZ","","Great Steppe","10","587-Ust Urt.txt"
"588","STATE_588","Semipalatinsk","RUS","","KAZ","","Great Steppe","19","588-Semipalatinsk.txt"
"589","STATE_589","Karkalinsk","RUS","","KAZ","","Great Steppe","6","589-Karkalinsk.txt"
"590","STATE_590","Akmolinsk","RUS","","KAZ","","Great Steppe","27","590-Ayaguz.txt"
"591","STATE_591","Hainan","QNG","","QNG","1070=1","South West China","6","591-Hainan.txt"
"592","STATE_592","Guangzhou","QNG","","QNG","1047=5","South West China","1","592-Guangzhou.txt"
"593","STATE_593","Huishao","QNG","","QNG TAI","13728=1 7108=2 1078=3 9970=5","South West China","18","593-Huishao.txt"
"594","STATE_594","Leigaolian","QNG","1870.1.1:QNG","YAL QNG","7137=10 4177=2 4023=3 7039=3","South West China","10","594-Leigaolian.txt"
"595","STATE_595","Fujian","QNG","","QNG TAI","13729=1 7071=3 11986=2 7027=2 4169=1","South West China","13","595-Fujian.txt"
"596","STATE_596","Hanshaoning","QNG","","QNG TAI","11991=3 13731=1 13732=1","South East China","6","596-Hanshaoning.txt"
"597","STATE_597","Jidong","QNG","","QNG","1069=3","Eastern China","11","597-Jidong.txt"
"598","STATE_598","Xuahi","QNG","","QNG","12055=10 1076=3 1029=1","South East China","14","598-Xuhai.txt"
"599","STATE_599","Guiping","GXC","1870.1.1:QNG","GXC QNG","10404=3 4628=1 4656=3 4077=2 1597=2 4028=5","South West China","15","599-Guiping.txt"
"600","STATE_600","Jiangxi","TAI","1870.1.1:QNG","QNG TAI","3992=3 7007=5 7054=5 7199=3 12030=1","South West China","14","600-Nanchang.txt"
"601","STATE_601","Xikang","QNG","","QNG","","Quinghai","6","601-Xikang.txt"
"602","STATE_602","Wuling","QNG","","QNG","7101=10 7279=1","South West China","7","602-Wuling.txt"
"603","STATE_603","Guizhou","SIC","1870.1.1:QNG","QNG SIC","4504=3 8095=2","Quinghai","15","603-Guizhou.txt"
"604","STATE_604","Qinghai","QNG","","QNG","7940=10","Western China","25","604-Qinghai.txt"
"605","STATE_605","Sichuan","QNG","","QNG","4925=5 6999=20","Quinghai","24","605-Sichuan.txt"
"606","STATE_606","Hefei","QNG","","QNG TAI","7222=1","South East China","10","606-Anhui.txt"
"607","STATE_607","Henan","NIE","","NIE QNG","9958=1 7129=5","South East China","29","607-Henan.txt"
"608","STATE_608","Beijing","QNG","","QNG","9843=20","Eastern China","1","608-Beijing.txt"
"609","STATE_609","Yongzun","QNG","","QNG","900=1 3830=1","Eastern China","7","609-East Hebei.txt"
"610","STATE_610","Rehe","QNG","","QNG","881=5","Manchuria","28","610-Rehe.txt"
"611","STATE_611","Koubei","QNG","","QNG","10397=1","Eastern China","9","611-South Chahar.txt"
"612","STATE_612","North Chahar","QNG","","QNG","11752=3","Eastern China","17","612-North Chahar.txt"
"613","STATE_613","South Jiangsu","QNG","","TAI QNG","10076=1 11982=3","South East China","5","613-South Jiangsu.txt"
"614","STATE_614","Dashunguang","QNG","","QNG","12062=1 4058=1","Eastern China","6","614-West Hebei.txt"
"615","STATE_615","Yanping","QNG","","QNG","12432=3","Eastern China","10","615-Yanping.txt"
"616","STATE_616","Alxa","QNG","","QNG","","Western China","11","616-Alxa.txt"
"617","STATE_617","Urumqi","QNG","","QNG","4709=3","Central Asia","10","617-Urumqi.txt"
"618","STATE_618","Dzungaria","QNG","","QNG","","Central Asia","15","618-Dzungaria.txt"
"619","STATE_619","Yarkand","QNG","","QNG","","Central Asia","8","619-Yarkand.txt"
"620","STATE_620","Hubei","QNG","","QNG","7596=5","South East China","11","620-Shiyunyi.txt"
"621","STATE_621","Suiyuan","QNG","","QNG","","Eastern China","11","621-Suiyuan.txt"
"622","STATE_622","North Shaanxi","QNG","","","","Western China","4","622-North Shaanxi.txt"
"623","STATE_623","Luzon","SPH","","","1415=1 12213=1","Philippines","17","623-Luzon.txt"
"624","STATE_624","Central islands","SPH","","","4288=1","Philippines","8","624-Central islands.txt"
"625","STATE_625","Samar","SPH","","","","Philippines","5","625-Samar.txt"
"626","STATE_626","Palawan","SPH","","","","Philippines","3","626-Palawan.txt"
"627","STATE_627","Mindanao","MDN","","MDN","4241=3","Philippines","26","627-Mingandanao.txt"
"628","STATE_628","Cebu","SPH","","","","Philippines","9","628-Cebu.txt"
"629","STATE_629","Hawaii","HAW","","HAW","10048=5","Eastern Pacific 1","1","629-Hawai'i.txt"
"630","STATE_630","Johnston Atoll","UCT","","UCT","","Micronesian Gap","1","630-Johnston Atoll.txt"
"631","STATE_631","Midway Island","UCT","","UCT","13052=1","West Emperor Chain","1","631-Midway Island.txt"
"632","STATE_632","Wake Island","UCT","","UCT","13047=1","Eastern Micronesia","1","632-Wake Island.txt"
"633","STATE_633","Marshall Islands","UCT","","UCT","13041=3 13046=1","Eastern Micronesia","9","633-Marshall Islands.txt"
"634","STATE_634","Solomon Islands","UCT","","UCT","1269=3 4226=1","Soloman Sea","14","634-Solomon Islands.txt"
"635","STATE_635","New Caledonia","FRA","","","4268=1","Soloman Sea","9","635-New Caledonia.txt"
"636","STATE_636","Fiji","UCT","","UCT","4286=1","West Polynesia","3","636-Fiji.txt"
"637","STATE_637","Kamchatka","RUS","","RUS","","Eastern Siberia","7","637-Kamchatka.txt"
"638","STATE_638","Guam","SPH","","","12140=1","Mariana Region","1","638-Guam.txt"
"639","STATE_639","Gilbert Islands","UCT","","UCT","13021=1","Eastern Micronesia","5","639-Gilbert Islands.txt"
"640","STATE_640","Mandalay","BRM","","BRM SHN","1492=1 4425=1","Burma","15","640-Mandalay.txt"
"641","STATE_641","Tahiti","TAH","","TAH","","French Polynesia","1","641-Tahiti.txt"
"642","STATE_642","Phoenix Island","UCT","","UCT","","Eastern Micronesia","1","642-Phoenix Island.txt"
"643","STATE_643","Ellice Islands","UCT","","UCT","","Eastern Micronesia","4","643-Ellice Islands.txt"
"644","STATE_644","Northeast Siberia","RUS","","RUS","","Eastern Siberia","15","644-Northeast Siberia.txt"
"645","STATE_645","Iwo Jima","UCT","","UCT","13025=1","Mariana Region","1","645-Iwo Jima.txt"
"646","STATE_646","Saipan","SPH","","","3995=1","Mariana Region","3","646-Saipan.txt"
"647","STATE_647","Palau","SPH","","","4357=1","Philippine Sea","2","647-Palau.txt"
"648","STATE_648","Marcus Island","UCT","","UCT","","Mariana Region","1","648-Marcus Island.txt"
"649","STATE_649","Galapagos Islands","ECU","","","","Peruivan Coast","1","649-Galapagos Islands.txt"
"650","STATE_650","Kaua'i","HAW","","HAW","7112=1 14448=1","Eastern Pacific 1","2","650-Kaua'i.txt"
"651","STATE_651","Ufa","RUS","","RUS","1278=1","Transvolga","18","651-Ufa.txt"
"652","STATE_652","Orenburg","RUS","","RUS","","Western Steppe","25","652-Orenburg.txt"
"653","STATE_653","Ekaterinburg","RUS","","RUS","1821=1","Trans-Urals","20","653-Ekaterinburg.txt"
"654","STATE_654","Gorno-Altaysk","RUS","","RUS","","Western Siberia","10","654-Gorno-Altaysk.txt"
"655","STATE_655","North Sakhalin","UCT","","","","Russian Far East","3","655-North Sakhalin.txt"
"656","STATE_656","Kuwait","KUW","","KUW","8085=1","Middle East","1","656-Kuwait.txt"
"657","STATE_657","Missiones do Sul","BRA","","BRA","7581=1","Brazil","6","657-Missiones do Sul.txt"
"658","STATE_658","Abu Dhabi","TCS","","TCS","7960=1","Arabian Coast","4","658-Abu Dhabi.txt"
"659","STATE_659","Aden","ENG","","ENG","5074=1","Arabian Coast","2","659-Aden.txt"
"660","STATE_660","Waddai","WDD","","WDD KBO","1473=3","Central Africa","6","660-Waddai.txt"
"661","STATE_661","Tripolitania","OTO","","LBA","4051=1 7154=1","North Africa","10","661-Tripolitania.txt"
"662","STATE_662","Sirte","OTO","","LBA","8069=1","North Africa","5","662-Sirte.txt"
"663","STATE_663","Cyrenaica","OTO","","LBA SNS","","North Africa","11","663-North Cyrenaica.txt"
"664","STATE_664","Lower Slovakia","AUS","","AUS HUN","6573=3","Czechoslovakia","6","664-Lower Slovakia.txt"
"665","STATE_665","Gabes","TUN","","TUN","7005=1","North Africa","6","665-Gabes.txt"
"666","STATE_666","Lappland","SWE","","SWE","9108=1 6132=1","Northern Sweden","65","666-Lappland.txt"
"667","STATE_667","Lesser Sundas","SUN","","SUN","12234=1","Guinea","8","667-Lesser Sundas.txt"
"668","STATE_668","Curam","INS","","","","Java Sea","4","668-The Moluccas.txt"
"669","STATE_669","West Papua","PNG","","PNG","12371=1","New Guinea","28","669-West Papua.txt"
"670","STATE_670","Vientiane","SIA","","LAO","1464=5","South East Asia","10","670-Vientiane.txt"
"671","STATE_671","Tonkin","VIN","","VIN","4119=3 12065=1 1073=1","South East Asia","10","671-Tonkin.txt"
"672","STATE_672","Sumatra","INS","","","4652=1 13758=3","Sumatra","23","672-Sumatra.txt"
"673","STATE_673","Sulawesi","SUW","","SUW","","Java Sea","26","673-Sulawesi.txt"
"674","STATE_674","Central Australia","NSW","","NSW","5197=1","Austrialia","1","674-Central Australia.txt"
"675","STATE_675","Al Hajara","JSH","","JSH","","Middle East","4","675-Al Hajara.txt"
"676","STATE_676","Mosul","OTO","","IRQ KUR ASY","10106=3","Middle East","5","676-Mosul.txt"
"677","STATE_677","Aleppo","OTO","","SYR","12473=10 1056=1 1088=1","Middle East","7","677-Aleppo.txt"
"678","STATE_678","Rub al Khali","NJD","","NJD JSH","","Arabian Coast","6","678-Rub al Khali.txt"
"679","STATE_679","Hejaz","OTO","","HJZ","10835=1 12883=7 2027=3","Arabian Coast","12","679-Hejaz.txt"
"680","STATE_680","Deir ez-Zor","OTO","","SYR","2013=1","Middle East","6","680-Hims.txt"
"681","STATE_681","Western Cape","SAF","","SAF","12589=10","South Africa","5","681-Western Cape.txt"
"682","STATE_682","Great Lakes Basin","CAN","","CAN","12582=1","Eastern Canada","20","682-Northern Ontario.txt"
"683","STATE_683","English River","HBC","","HBC","10605=30 14853=1 5239=5 14854=1 6728=2 14658=1 7782=1","Western Canada","15","683-English River.txt"
"684","STATE_684","Caroline Islands","SPH","","SPH","2489=5 13028=1","Bismarck Sea","11","684-Caroline Islands.txt"
"685","STATE_685","Colon","COL","","COL","7617=5","Central America","2","685-Panama Canal.txt"
"686","STATE_686","Puerto Rico","SPR","","","1440=1","Caribbean Sea","1","686-Puerto Rico.txt"
"687","STATE_687","British Guyana","ENG","","","","Amazonian Brazil","5","687-British Guyana.txt"
"688","STATE_688","Chaco Boreal","BOL","","BOL","","Platine Plateau","2","688-Chaco Boreal.txt"
"689","STATE_689","Jamaica","ENG","","JAM","12304=3","Caribbean Sea","2","689-Jamaica.txt"
"690","STATE_690","Northern Bahamas","ENG","","","","Florida Coast","3","690-Northern Bahamas.txt"
"691","STATE_691","Trinidad","ENG","","","","Caribbean Sea","2","691-Trinidad.txt"
"692","STATE_692","Windward Islands","ENG","","","","Caribbean Sea","4","692-Windward Islands.txt"
"693","STATE_693","Southern Bahamas","ENG","","","","Caribbean Sea","2","693-Southern Bahamas.txt"
"694","STATE_694","French Caribbean","FRA","","","","Caribbean Sea","3","694-French Caribbean.txt"
"695","STATE_695","Curacao","HOL","","","","Northern South America","1","695-Curacao.txt"
"696","STATE_696","Bermuda","ENG","","","","Sargasso Sea","1","696-Bermuda.txt"
"697","STATE_697","Madeira","POR","","POR","","Iberian Coast","1","697-Madeira.txt"
"698","STATE_698","Azores","POR","","POR","1751=3","Mid-Atlantic Gap","1","698-Azores.txt"
"699","STATE_699","Rio de Oro","UCT","","UCT","","North West Africa","19","699-Rio de Oro.txt"
"700","STATE_700","Sierra Leone","ENG","","","2038=1","Guinea Coast","4","700-Sierra Leone.txt"
"701","STATE_701","Gambia","ENG","","KAB","","Senegal Coast","2","701-Gambia.txt"
"702","STATE_702","Cape Verde","POR","","","","Cape Verde Plain","1","702-Cape Verde.txt"
"703","STATE_703","Ascension","ENG","","","","Gulf Of Guinea","1","703-Ascension.txt"
"704","STATE_704","Saint Helena","ENG","","","","Gulf Of Guinea","1","704-Saint Helena.txt"
"705","STATE_705","Sao Tome","POR","","","","Equatorial Coast","1","705-Sao Tome.txt"
"706","STATE_706","Reunion","FRA","","","","Southwestern Indian","1","706-Reunion.txt"
"707","STATE_707","Mauritius","ENG","","","","Southwestern Indian","1","707-Mauritius.txt"
"708","STATE_708","Comoro Islands","FRA","","","","East African Coast","1","708-Comoro Islands.txt"
"709","STATE_709","Seychelles","ENG","","","","West Indian","1","709-Seychelles.txt"
"710","STATE_710","Diego Garcia","ENG","","","","West Indian","1","710-Diego Garcia.txt"
"711","STATE_711","Christmas Island","UCT","","UCT","","Far Eastern Indian Ocean","1","711-Christmas Island.txt"
"712","STATE_712","Cocos Islands","ENG","","","","East Indian","1","712-Cocos Islands.txt"
"713","STATE_713","Kerguelen","FRA","","","","Southwestern Indian","1","713-Kerguelen.txt"
"714","STATE_714","Heilongjiang","QNG","","QNG","","Manchuria","27","714-Hulunbuir.txt"
"715","STATE_715","Taochang","QNG","","QNG","","Manchuria","17","715-Taochang.txt"
"716","STATE_716","Shengjing","QNG","","QNG","11771=3 11764=3 6851=1","Manchuria","23","716-Shengjing.txt"
"717","STATE_717","Hejiang","QNG","","QNG","10463=1","Manchuria","24","717-Harbin.txt"
"718","STATE_718","Ndkala","BKW","","BKW","2154=2 12783=1 13429=1","Rift Valley","4","718-Ndkala.txt"
"719","STATE_719","Natal","NAT","","SAF NAT","1468=3","South Africa","2","719-Natal.txt"
"720","STATE_720","South Georgia","ENG","","","","South Georgia Sea","1","720-South Georgia.txt"
"721","STATE_721","Portuguese Timor","POR","","","","Java Sea","5","721-Portuguese Timor.txt"
"722","STATE_722","Petsamo","RUS","","RUS","","Outer Finland","4","722-Petsamo.txt"
"723","STATE_723","South Island","NZL","","NZL","2197=1 2211=1","New Nealand","16","723-South Island.txt"
"724","STATE_724","Northern Malay","SIA","","SIA","7236=1 12230=1 1279=1","Malaya","20","724-North Malay.txt"
"725","STATE_725","Nauru","UCT","","UCT","13038=1","Eastern Micronesia","1","725-Nauru.txt"
"726","STATE_726","Pondoland","RHO","","RHO NAT SAF","","South Africa","1","726-Pondoland.txt"
"727","STATE_727","Line Islands","UCT","","UCT","","South Central Pacific","3","727-Line Islands.txt"
"728","STATE_728","Guangzhouwan","QNG","","QNG","","South West China","1","728-Guangzhouwan.txt"
"729","STATE_729","Macau","POR","","QNG","4189=1","South West China","1","729-Macau.txt"
"730","STATE_730","St Pierre and Miquelon","FRA","","","","Eastern Canada","1","730-St Pierre and Miquelon .txt"
"731","STATE_731","Southern Macedonia","OTO","","GRE","","Greece","5","731 - Southern Macedonia.txt"
"732","STATE_732","Kokand","KOK","","KOK","12581=5","Great Steppe","9","732-Kokand.txt"
"733","STATE_733","Andamans","RAJ","","","","Bay of Bengal","2","733-Andamans.txt"
"734","STATE_734","Nendo","UCT","","UCT","","Soloman Sea","1","734-Nendo.txt"
"735","STATE_735","Savoy","PIE","","PIE","11573=3 9603=3","Southern France","5","735-Savoy.txt"
"736","STATE_736","Julian March","AUS","","AUS","","Western Balkans","3","736-Julian March.txt"
"737","STATE_737","New Britain","PNG","","PNG","7251=3","Bismarck Sea","16","737-New Britain.txt"
"738","STATE_738","Aru Islands","INS","","INS","","Arafura Sea","1","738-Aru Islands.txt"
"739","STATE_739","O'ahu","HAW","","HAW","4180=20","Eastern Pacific 1","1","739-O'ahu.txt"
"740","STATE_740","Vancouver Island","VAN","","VAN","7259=20 12259=1 1214=5","Northwest Coast","7","740-Vancouver Island.txt"
"741","STATE_741","Cambodia","CAM","","CAM","7376=5","South East Asia","15","741-Cambodia.txt"
"742","STATE_742","Dushanbe","BUK","","BUK","","Great Steppe","5","742-Dushanbe.txt"
"743","STATE_743","West Banat","AUS","","AUS HUN SER","","Western Balkans","4","743-West Banat.txt"
"744","STATE_744","Baden","BAD","","BAD","3530=10 3679=1 6542=1 6568=3 6712=3","Western Germany","9","744-Baden.txt"
"745","STATE_745","Oldenburg","OLD","","OLD","336=3","North-West Germany","2","745-Oldenburg.txt"
"746","STATE_746","West Virginia","USA","","USA","7588=3 11888=1 6850=2","East Coast","13","746-West Virginia.txt"
"747","STATE_747","Bloemfontein","OFS","","OFS","5231=1 13241=5 13252=1 13247=1 13248=4 13254=1 13255=1","South Africa","18","747-Bloemfontein.txt"
"748","STATE_748","Northern Dobrudja","OTO","","ROM","","Eastern Balkans","3","748-Northern Dobrudja.txt"
"749","STATE_749","Suez","EGY","","EGY","4073=1 12049=1","Egypt","4","749-Suez.txt"
"750","STATE_750","South Kuril Islands","TSH","","","","Sea of Okhotsk","1","750-South Kuril Islands.txt"
"751","STATE_751","Eastern Cape","SAF","","SAF","","South Africa","6","751-Eastern Cape.txt"
"752","STATE_752","Southern Nile","EGY","","EGY","8105=1 7989=1 12796=1 4963=1 12806=5 12862=1","Sudan","19","752-Southern Nile.txt"
"753","STATE_753","Upper Acre","BOL","","","","Amazonian Brazil","4","753-Inner Amazonas.txt"
"754","STATE_754","Gwalior","GWA","","GWA RAJ","10807=2 1949=1","Northern India","6","754-Gwalior.txt"
"755","STATE_755","Bastar","BTR","","BTR RAJ","10469=1","Deccan Plateau","7","755-Bastar.txt"
"756","STATE_756","Awadh","OUD","","OUD RAJ","1983=2 9973=8 10751=6","Northern India","8","756-Awadh.txt"
"757","STATE_757","Malabar","RAJ","","RAJ","7391=2 7244=3","Southern India","6","757-Malabar.txt"
"758","STATE_758","Kerala","TRA","","TRA RAJ","1321=1 7447=3","Southern India","6","758-Travancore.txt"
"759","STATE_759","Agra","JPR","","JPR RAJ","4915=2 14132=2","Pakistan","7","759-Agra.txt"
"760","STATE_760","Kru","KRU","","KRU","","Guinea Coast","8","760-Kru.txt"
"761","STATE_761","Man","KRU","","KRU","","Guinea Coast","8","761-Man.txt"
"762","STATE_762","Tangier","MOR","","MOR","13843=10 9945=3 10113=1","North West Africa","3","762-Tangiers.txt"
"763","STATE_763","Central Africa","WDD","","WDD","13355=1","Central Africa","3","763-Central Africa.txt"
"764","STATE_764","Ijaw","UCT","","UCT","13892=3 8034=1","Lower Niger","3","764-Ijaw.txt"
"765","STATE_765","Kailahun","MNH","","MNH","","Guinea Coast","4","765-Kailahun.txt"
"766","STATE_766","Igala","IGA","","IGA","13894=1 13897=3","Lower Niger","2","766-Igala.txt"
"767","STATE_767","Bombali","KOY","","KOY","","Guinea Coast","4","767-Bombali.txt"
"768","STATE_768","Togo","TOG","","TOG","","Ivory Coast","4","768-Togo.txt"
"769","STATE_769","Dahomey","DAH","","DAH","10919=5","Ivory Coast","4","769-Dahomey.txt"
"770","STATE_770","Dendi","DDI","","DDI","","Upper Niger","4","770-Dendi.txt"
"771","STATE_771","Northern Mali","UCT","","UCT","10725=1","Sahara Desert","6","771-North Mali.txt"
"772","STATE_772","Ouagadougou","MOS","","MOS","14362=5 7983=1 8071=1 2001=3 10836=1","Upper Niger","16","772-Ouagadougou.txt"
"773","STATE_773","Soso","KAB","","KAB","14317=1","Guinea Coast","5","773-Soso.txt"
"774","STATE_774","Timbuktu","HMD","","HMD","10788=3","Upper Niger","4","774-Timbuktu.txt"
"775","STATE_775","Jiangxinpo","BRM","","QNG BRM","1934=1","Burma","5","775-Kachin.txt"
"776","STATE_776","Adam Kok se Land","GQE","","OFS GQE","13237=1","South Africa","4","776-Adam Kok se Land.txt"
"777","STATE_777","Karen","RAJ","","PAG BRM","1330=5","Burma","12","777-Karen.txt"
"778","STATE_778","North Tenasserim","RAJ","","PAG SIA","","Burma","6","778-North Tenasserim.txt"
"779","STATE_779","Setsoto","SOT","","SOT","13245=1","South Africa","4","779-Setsoto.txt"
"780","STATE_780","Rakhine","RAJ","","PAG","","Burma","7","780-Rakhine.txt"
"781","STATE_781","Northern Mauritania","UCT","","UCT","8035=1 13906=1 13371=1","Sahara Desert","3","781-Adrar.txt"
"782","STATE_782","Maseru","SOT","","SOT","4556=5 13260=5","South Africa","13","782-Maseru.txt"
"783","STATE_783","Sukothai","SIA","","SIA","12345=3 7559=1","Siam","7","783-Sukothai.txt"
"784","STATE_784","Sai Gon","VIN","","VIN CAM","4401=5 7347=1","South East Asia","9","784-Sai Gon.txt"
"785","STATE_785","Vatican City","PAP","","PAP","13298=5","Italy","1","785-Vatican City.txt"
"786","STATE_786","Beledougou","SGO","","SGO","13402=1","Upper Niger","6","786-Bamako.txt"
"787","STATE_787","San Marino","SNM","","SNM","13299=5","Italy","1","787-San Marino.txt"
"788","STATE_788","Kong","WTR","","WTR","13282=1 13292=3 13291=1","Ivory Coast","13","788-Kong.txt"
"789","STATE_789","Bagirmi","BAG","","BAG","9152=1 13354=2","Tschad Basin","3","789-Bagirmi.txt"
"790","STATE_790","Port-de-Paix","HAI","","HAI","13302=5","Caribbean Sea","2","790-Port-de-Paix.txt"
"791","STATE_791","Southern Bessarabia","RUS","","RUS MOL ROM","","Eastern Balkans","2","791-Sarata.txt"
"792","STATE_792","Ankole","NKO","","NKO","13311=1","Rift Valley","4","792-Ankole.txt"
"793","STATE_793","Tio","TYO","","TYO","","Congo Basin","3","793-Tio.txt"
"794","STATE_794","Anziku","TYO","","TYO","13323=1","Congo Basin","11","794-Anziku.txt"
"795","STATE_795","Laristan","PER","","PER","","Iran","9","795-Hormozgan.txt"
"796","STATE_796","West Aro","ARO","","ARO","13331=1 13330=1 13329=5","Lower Niger","4","796-West Aro.txt"
"797","STATE_797","Oman","OMA","","OMA","","Arabian Coast","3","797-Oman.txt"
"798","STATE_798","Opobo","ARO","","ARO","13332=5","Lower Niger","1","798-Opobo.txt"
"799","STATE_799","Murray Basin","NSW","","NSW","7859=30 10682=5 8249=1 12377=1 4478=3","Eastern Australia","30","799-Canberra.txt"
"800","STATE_800","Aro","ARO","","ARO","13336=5 13334=5","Lower Niger","4","800-Aro.txt"
"801","STATE_801","Umfolozi","ZUL","","ZUL","13343=5 13341=5","South Africa","3","801-Umfolozi.txt"
"802","STATE_802","Sa Kaeo","SIA","","SIA","10293=1 10438=3","Siam","8","802-Sa Kaeo.txt"
"803","STATE_803","Eningizimu","ZUL","","ZUL","13338=5","South Africa","4","803-Eningizimu.txt"
"804","STATE_804","Madrid","SPR","","SPR","3938=40","Iberia","1","804-Madrid.txt"
"805","STATE_805","East Adamawa","ADM","","ADM","13352=1","Tschad Basin","3","805-East Adamawa.txt"
"806","STATE_806","Baol","BAO","","BAO","13363=1","Senegal Coast","2","806-Baol.txt"
"807","STATE_807","South Shaanxi","QNG","","","8049=3","Western China","6","807-South Shaanxi.txt"
"808","STATE_808","Parma","PRM","","PRM","6790=8 14141=10","Italy","3","808-Parma.txt"
"809","STATE_809","Ionian Islands","ENG","","ENG GRE","10203=2","Greece","3","809-Ionia.txt"
"810","STATE_810","Strumica","OTO","","OTO BUL","","Western Balkans","1","810-Strumica.txt"
"811","STATE_811","Thessaly","OTO","","GRE","3973=1","Greece","8","811-South Thessaly.txt"
"812","STATE_812","Abruzzo","NSC","","NSC","3910=3 6831=6","Italy","5","812-Abruzzo.txt"
"813","STATE_813","Modena","MOD","","MOD","9752=10 6973=3","Italy","4","813-Modena.txt"
"814","STATE_814","Paris","FRA","","FRA","13368=50","Northern France","1","814-Paris.txt"
"815","STATE_815","Outer Eritrea","MED","","MED","5091=1","Ethiopian Highlands","3","815-Outer Eritrea.txt"
"816","STATE_816","Gondar","ETH","","ETH","1984=5 14185=1 5010=1 14186=1 14187=1","Ethiopian Highlands","16","816-Gondar.txt"
"817","STATE_817","Dire Dawa","HRR","","HRR","14175=1","Ethiopian Highlands","2","817-Asosa.txt"
"818","STATE_818","Aussa","AWS","","AWS","14178=1","Ethiopian Highlands","6","818-Aussa.txt"
"819","STATE_819","Hararge","HRR","","HRR","14181=1","Ethiopian Highlands","2","819-Hararge.txt"
"820","STATE_820","Oromia","ORO","","ORO","14163=1","Ethiopian Highlands","13","820-Oromia.txt"
"821","STATE_821","Geledi","GLD","","GLD","10928=3 2063=1","The Horn","3","821-Geledi.txt"
"822","STATE_822","Nice","PIE","","PIE","9909=8","Southern France","2","822-Nice.txt"
"823","STATE_823","Mozambique","POR","","MZB","2120=1","Mozambique","7","823-Mozambique.txt"
"824","STATE_824","Angola","POR","","ANG","5158=1","Kalahari Desert","4","824-Angola.txt"
"825","STATE_825","Kilwa","ZAN","","ZAN","2196=1","East Africa","4","825-Kilwa.txt"
"826","STATE_826","Kenyan Coast","ZAN","","ZAN","5210=1","East Africa","1","826-Kenyan Coast.txt"
"827","STATE_827","Nama","OOR","","OOR","13389=1","Kalahari Desert","12","827-Nama.txt"
"828","STATE_828","Southern Namib","SAF","","SAF","","South Africa","1","828-Southern Namib.txt"
"829","STATE_829","Caprivi Strip","OOR","","OOR","14239=1","Kalahari Desert","3","829-Caprivi Strip.txt"
"830","STATE_830","Sandy Desert","SRC","","SRC","","Central Australia","4","830-Sandy Desert.txt"
"831","STATE_831","Northern Namib","POR","","POR","","Kalahari Desert","1","831-Northern Namib.txt"
"832","STATE_832","Darfur","DFR","","DFR","1960=1","Central Africa","4","832-Darfur.txt"
"833","STATE_833","Bahr el Ghazal","ALZ","","ALZ","10764=1 7996=1 10859=1","Sudan","7","833-Bahr el Ghazal.txt"
"834","STATE_834","Fashoda","SHK","","SHK","10877=1","Sudan","1","834-Fashoda.txt"
"835","STATE_835","Trarza","MRT","","MRT","5034=1 13406=3","Senegal Coast","6","835-Trarza.txt"
"836","STATE_836","Central Coast","HBC","","","","Western Canada","6","836-Central Coast.txt"
"837","STATE_837","Tuat","MOR","","","","North West Africa","11","837-Tuat.txt"
"838","STATE_838","Northern Chad","UCT","","UCT","10893=2 4902=1","Sahara Desert","5","838-Northern Chad.txt"
"839","STATE_839","Banda","BKW","","BKW","","Central Africa","6","839-Banda.txt"
"840","STATE_840","Great Victorian Desert","SAS","","SAS","12906=2","Austrialia","4","840-Great Victoria Desert.txt"
"841","STATE_841","Bechuanaland","BAT","","BAT","","Kalahari Desert","7","841-Bamangwato.txt"
"842","STATE_842","Tanami Desert","NSW","","NSW","12992=3 2223=1","Northern Australia","5","842-Tanami Desert.txt"
"843","STATE_843","Little Sandy Desert","SRC","","SRC","","Central Australia","5","843-Little Sandy Desert.txt"
"844","STATE_844","Bemba","NYW","","NYW","1846=1","Katanga Plateau","5","844-Bemba.txt"
"845","STATE_845","Equatoria","NYW","","NYW","","Sudan","3","845-Equatoria.txt"
"846","STATE_846","Volta","TOG","","TOG","","Ivory Coast","3","846-Volta.txt"
"847","STATE_847","Eastern Gold Coast","ENG","","","","Ivory Coast","1","847-East Gold Coast.txt"
"848","STATE_848","Grand Bassam","FRA","","","","Ivory Coast","3","848-Grand-Bassam.txt"
"849","STATE_849","Kankan","UCT","","UCT","13278=1","Guinea Coast","5","849-Kankan.txt"
"850","STATE_850","Kenedugu","KND","","KND","5045=1","Upper Niger","5","850-Kenedugu.txt"
"851","STATE_851","Kaabu","KAB","","KAB","14313=1","Guinea Coast","3","851-Kaabu.txt"
"852","STATE_852","Wassoulou","UCT","","UCT","8008=3","Guinea Coast","8","852-Wassoulou.txt"
"853","STATE_853","Bambouk","TUK","","TUK","13349=3","Senegal Coast","5","853-Bambouk.txt"
"854","STATE_854","Faranah","FTJ","","FTJ","12802=1","Guinea Coast","10","854-Faranah.txt"
"855","STATE_855","Dosso","DSS","","DSS","14368=3","Upper Niger","4","855-Dosso.txt"
"856","STATE_856","Massina","HMD","","HMD","8116=5 14336=1 4927=3","Upper Niger","8","856-Massina.txt"
"857","STATE_857","Cape Juby","UCT","","UCT","8111=1","North West Africa","2","857-Cape Juby.txt"
"858","STATE_858","Gao","DDI","","DDI","5101=1","Upper Niger","3","858-Gao.txt"
"859","STATE_859","Kolda","FTJ","","FTJ","","Senegal Coast","3","859-Kolda.txt"
"860","STATE_860","Tschad","KBO","","KBO BAG","13359=1","Tschad Basin","2","860-Tschad.txt"
"861","STATE_861","Sine","SIN","","SIN","13407=1","Senegal Coast","2","861-Siine.txt"
"862","STATE_862","Saloum","SAL","","SAL","14304=1","Senegal Coast","2","862-Saloum.txt"
"863","STATE_863","Jola","KAB","","KAB","","Senegal Coast","3","863-Jola.txt"
"864","STATE_864","Wolof","JLF","","JLF","14301=1 14302=5","Senegal Coast","4","864-Wolof.txt"
"865","STATE_1398","Brakna","PER","","PER","12780=3","Iran","4","865-East Fars.txt"
"866","STATE_866","Matam","FTT","","FTT","14309=1","Senegal Coast","4","866-Matam.txt"
"867","STATE_867","Bremen","BRE","","BRE","3326=5","North-West Germany","1","867 - Bremen.txt"
"868","STATE_868","Hamburg","HAM","","HAM","9347=20","North-West Germany","1","868 - Hamburg.txt"
"869","STATE_869","Frankfurt","FRK","","FRK","6488=20","Western Germany","1","869 - Frankfurt.txt"
"870","STATE_870","Darmstadt","HSD","","HSD","589=5","Western Germany","2","870 - Darmstadt.txt"
"871","STATE_871","Oyo","OYO","","OYO","13893=1 12731=3","Lower Niger","8","871 - Oyo.txt"
"872","STATE_872","Bussa","BRG","","BRG","12817=1","Lower Niger","3","872 - Borgu.txt"
"873","STATE_873","Sokoto","SKT","","SKT","1891=10","Lower Niger","5","873 - Sokoto.txt"
"874","STATE_874","Benin","IJB","","IJB","4952=5 14231=1","Lower Niger","7","874 - Ijebu.txt"
"875","STATE_875","Yeke","YEK","","YEK","","Rift Valley","2","875 - Yeke.txt"
"876","STATE_876","Mitsogo","BKW","","BKW","","Equatorial Coast","2","876 - Mitsogo.txt"
"877","STATE_877","Ngoyo","KON","","KON","10968=1","Congo Basin","1","877 - Ngoyo.txt"
"878","STATE_878","Beirut","OTO","","LEB SYR","13733=10","Middle East","1","878 - Beirut.txt"
"879","STATE_879","Baboute","BKW","","BKW","","Equatorial Coast","1","879 - Mandara.txt"
"880","STATE_880","Kota","BKW","","BKW","2192=1","Congo Basin","3","880 - Kota.txt"
"881","STATE_881","Taraba","GBG","","GBG","","Equatorial Coast","1","881 - Kotoko.txt"
"882","STATE_882","Kuba","KUB","","KUB","13416=3","Congo Basin","2","882 - Kuba.txt"
"883","STATE_883","Loango","LOA","","LOA","13412=3","Congo Basin","3","883 - Loango.txt"
"884","STATE_884","Luba","LUB","","LUB","","Congo Basin","1","884 - Luba.txt"
"885","STATE_885","Cameroon","BKW","","BKW","","Equatorial Coast","3","885 - Equatorial Africa.txt"
"886","STATE_886","Inner Gabon","FRA","","BKW","13418=5","Equatorial Coast","1","886 - Coastal Gabon.txt"
"887","STATE_887","Lunda","LUN","","LUN","","Congo Basin","6","887 - Lunda.txt"
"888","STATE_888","Kongo","KON","","KON","5117=1 13945=3","Congo Basin","8","888 - Kongo.txt"
"889","STATE_889","Beti","BKW","","BKW","","Equatorial Coast","3","889 - Beti.txt"
"890","STATE_890","Bulu","BKW","","BKW","","Equatorial Coast","1","890 - Bulu.txt"
"891","STATE_891","Bafoussam","BMM","","BMM","6039=1","Equatorial Coast","1","891 - Bamum.txt"
"892","STATE_892","Holo","KON","","KON","","Congo Basin","2","892 - Holo.txt"
"893","STATE_893","Teke","BKW","","BKW","","Congo Basin","2","893 - Teke.txt"
"894","STATE_894","Rwanda","RWD","","RWD","9962=1","Rift Valley","1","894 - Rwanda.txt"
"895","STATE_895","Burundi","BUR","","BUR","2220=2","Rift Valley","1","895 - Burundi.txt"
"896","STATE_896","Kagera","KRG","","KRG","13424=1","East Africa","1","896 - Karangwe.txt"
"897","STATE_897","Buganda","BUG","","BUG","14262=3","Rift Valley","2","897 - Buganda.txt"
"898","STATE_898","Lukuga","BKW","","BKW","","Rift Valley","5","898 - Lukuga.txt"
"899","STATE_899","Kivu","BKW","","BKW","","Rift Valley","4","899 - Kivu.txt"
"900","STATE_900","Tetala","BKW","","BKW","","Rift Valley","3","900 - Tetala.txt"
"901","STATE_901","Bukama","LUB","","LUB","","Rift Valley","1","901 - Bukama.txt"
"902","STATE_902","Toro","TOR","","TOR","7088=1","Rift Valley","1","902 - Toro.txt"
"903","STATE_903","Bunyoro","BNY","","BNY","12989=1","Rift Valley","1","903 - Bunyoro.txt"
"904","STATE_904","Luguru","NYW","","NYW","","East Africa","5","904 - Luguru.txt"
"905","STATE_905","Jerusalem","OTO","","SYR PAL","13884=10","Middle East","1","905 - Jerusalem.txt"
"906","STATE_906","Epirus","OTO","","GRE","","Greece","2","906 - Epirus.txt"
"907","STATE_907","Sukuma","NYW","","NYW","","East Africa","6","907 - Sukuma.txt"
"908","STATE_908","Ujiji","NYW","","NYW","","East Africa","3","908 - Ujiji.txt"
"909","STATE_909","West Luo","NYW","","NYW","13434=1","Rift Valley","2","909 - West Luo.txt"
"910","STATE_910","Pechora","RUS","","","592=1","Baltic States","1","910 - Pechora.txt"
"911","STATE_911","Red Sea Coast","EGY","","EGY","","Egypt","4","911 - Red Sea Coast.txt"
"912","STATE_912","East Kenya","OGD","","OGD","","The Horn","3","912-East Kenya.txt"
"913","STATE_913","Borana Oromo","ORO","","ORO","","Ethiopian Highlands","4","913 - Borana Oromo.txt"
"914","STATE_914","Hobyo","GLD","","HOB GLD","2020=1 5065=1 12991=2","The Horn","5","914 - Rendille.txt"
"915","STATE_915","East Turkana","NYW","","NYW","","Ethiopian Highlands","1","915 - East Turkana.txt"
"916","STATE_916","Riyadh","NJD","","NJD JSH","12727=5","Arabian Coast","8","916 - Riyadh.txt"
"917","STATE_917","Al Jawf","JSH","","JSH NJD","10901=3","Arabian Coast","7","917 - Al Jawf.txt"
"918","STATE_918","Aceh","ACE","","ACE","7658=3","Sumatra","4","918 - Aceh.txt"
"919","STATE_919","Brunei","BRU","","BRU","7371=1","Borneo","3","919 - Brunei.txt"
"920","STATE_920","West Sarawak","SRW","","SRW BRU","1208=1","Borneo","3","920 - Sarawak.txt"
"921","STATE_921","Sabah","SUL","","SUL","","Borneo","4","921 - Spanish Borneo.txt"
"922","STATE_922","Singapore","RAJ","","JOH","12299=3","Malaya","2","922 - Singapore.txt"
"923","STATE_923","Parapaca","PRR","","PRR PRU","5131=5","Northern Andes","4","923 - Peruvian Chile.txt"
"924","STATE_924","Antofagasta","BOL","","BOL","12994=5","Northern Andes","11","924 - Bolivian Chile.txt"
"925","STATE_925","Kedah","KDH","","KDH JOH ACE","12144=2","Malaya","3","925-Kedah.txt"
"926","STATE_926","Johor","JOH","","JOH","4424=3","Malaya","3","926 - Southern Malacca.txt"
"927","STATE_927","West Guyana","ENG","","VEN","","Amazonian Brazil","2","927 - West Guyana.txt"
"928","STATE_928","Malawi","MLW","","MLW","13442=1","Mozambique","3","928 - Malawi.txt"
"929","STATE_929","Galilee","OTO","","SYR PAL","4206=1 1065=1","Middle East","6","929 - Galilee.txt"
"930","STATE_930","South Malawi","MLW","","MLW","","Mozambique","1","930 - South Malawi.txt"
"931","STATE_931","West Zambia","BTS","","BTS","697=1","Katanga Plateau","14","931 - West Zambia.txt"
"932","STATE_932","Angolan Herero","OOR","","OOR","","Kalahari Desert","3","932 - Angolan Herero.txt"
"933","STATE_933","Gaza","OTO","","SYR PAL","13885=3","Middle East","1","933 - Gaza.txt"
"934","STATE_934","Chokwe","LUN","","LUN","","Kalahari Desert","3","934 - Chokwe.txt"
"935","STATE_935","North Chokwe","LUN","","LUN","12795=1","Congo Basin","2","935 - North Chokwe.txt"
"936","STATE_936","Mbundu","OOR","","OOR","4735=1","Kalahari Desert","5","936 - Ganguela.txt"
"937","STATE_937","North Kimbundu","KBD","","KBD","","Congo Basin","2","937 - North Kimbundu.txt"
"938","STATE_938","Lübeck","LCK","","LCK","11331=3","North-West Germany","1","938 - Lubeck.txt"
"939","STATE_939","Suwalki","RUS","","POL","400=1 3254=1","Eastern Poland","2","939 - Suwalki.txt"
"940","STATE_940","Marijampole","RUS","","POL","3272=3","Baltic States","4","940 - North Suwalki.txt"
"941","STATE_941","Pozarevac","SER","","SER","6634=3","Western Balkans","6","941 - Northern Serbia.txt"
"942","STATE_942","Inner Montenegro","MNT","","","9821=5","Western Balkans","2","942 - Podgorica.txt"
"943","STATE_943","Balkhash","RUS","","KAZ","10146=1","Great Steppe","13","943-Balkhash.txt"
"944","STATE_944","Urzhar","QNG","","QNG","","Great Steppe","2","944-Urzhar.txt"
"945","STATE_945","Eastern Kyrgyzstan","KOK","","KOK","","Great Steppe","6","945-Eastern Kyrgyzstan.txt"
"946","STATE_946","Alma-Ata","KOK","","KOK","1591=3","Great Steppe","5","946-Alma-Ata.txt"
"947","STATE_947","Aksai Chin","QNG","","QNG","","Himalayas","1","947-Aksai Chin.txt"
"948","STATE_948","Suhl","PRS","","PRS","13408=1","Eastern Germany","1","948-Suhl.txt"
"949","STATE_949","Holstein","HLS","","HLS","6389=10","North-West Germany","6","949 - Holstein.txt"
"950","STATE_950","Northern Saxony","PRS","","PRS","3572=1 6582=1 9535=1 11415=1","Eastern Germany","8","950-Northern Saxony.txt"
"951","STATE_951","Berlin","PRS","","PRS","6521=50","Eastern Germany","1","951 - Berlin.txt"
"952","STATE_952","London","ENG","","ENG","6103=100 9239=5","Southern England","4","952 - London.txt"
"953","STATE_953","Moscow","RUS","","RUS","6380=50","Central Russia","1","953 - Moscow.txt"
"954","STATE_954","Pahang","PHG","","PHG JOH","12271=1","Malaya","6","954-Pahang.txt"
"955","STATE_955","Liechtenstein","LIE","","LIE","13683=5","Alpine Region","1","955 - Liechtenstein.txt"
"956","STATE_956","Vienna","AUS","","AUS","11666=30","Alpine Region","1","956 - Vienna.txt"
"957","STATE_957","Constantinople","OTO","","OTO","9833=30","Greece","1","957 - Constantinople.txt"
"958","STATE_958","Connecticut","USA","","USA","9847=4 14441=5 6909=3 14438=6 14439=3 9832=2","New England","8","958-Connecticut.txt"
"959","STATE_959","Vermont","USA","","USA","14500=7 14501=7 14496=6 14497=15 14494=3 14492=7 7629=3 14495=3 14499=3 14493=3 9675=8 14498=20 14502=3 4445=6","New England","15","959-Vermont.txt"
"960","STATE_960","New Hampshire","USA","","USA","3715=2 14451=5 14453=3 3712=3 14454=3 14452=2","New England","10","960-New Hampshire.txt"
"961","STATE_961","Maine","USA","","USA NBW","14489=3 14488=5 1338=2 7462=3 12459=3 14491=2 1282=4 12202=3 10318=2 1619=2 3732=3","New England","16","961-Maine.txt"
"962","STATE_962","Andorra","ADR","","ADR","13447=1","Iberia","1","962-Andorra.txt"
"963","STATE_963","Pirin Macedonia","OTO","","BUL","","Eastern Balkans","2","963-Blagoevgrad.txt"
"964","STATE_964","Smolyan-Ortaköy","OTO","","BUL","","Eastern Balkans","4","964-Smoljan-Ivaylovgrad.txt"
"965","STATE_965","Pirot-Pcinja","OTO","","BUL","","Western Balkans","4","965 - Pirot-Pcinja .txt"
"966","STATE_966","Eastern Sandjak","OTO","","SER","","Western Balkans","2","966-Zlatibor.txt"
"967","STATE_967","Szekelyfold","AUS","","AUS HUN","","Northern Balkans","5","967-Szekelyfold.txt"
"968","STATE_968","Prekmurje","AUS","","AUS","","Western Balkans","1","968-Murska Sobota.txt"
"969","STATE_969","Slovenia","AUS","","AUS","9627=5","Western Balkans","3","969-Ljubljana.txt"
"970","STATE_970","South Dalmatia","AUS","","AUS CRO","3924=3 6889=3","Western Balkans","4","970-Split-Dalmatia.txt"
"971","STATE_971","Midi","FRA","","FRA","6766=5 752=1","Southern France","11","971-Midi.txt"
"972","STATE_972","Moselle","FRA","","FRA","5291=5 11488=1 11516=5","Northern France","6","972-Moselle.txt"
"973","STATE_973","South Gansu","QNG","","QNG","2045=1","Quinghai","9","973-South Gansu.txt"
"974","STATE_974","Dali","PTH","","PTH SHN QNG","7965=1 15797=1 12898=3 15798=1 15808=30 12789=5 15807=1 8023=10","Quinghai","21","974-West Yunnan.txt"
"975","STATE_975","Haute-Normandie","FRA","","FRA","9434=6 485=10","Northern France","6","975-Haute-Normandie.txt"
"976","STATE_976","Nord","FRA","","FRA","575=3 11483=8 11548=15","Northern France","8","976-Nord.txt"
"977","STATE_977","South Konkan","RAJ","","RAJ","12182=5 12105=1","Deccan Plateau","13","977-South Konkan.txt"
"978","STATE_978","Eupen","PRS","","PRS BEL","13448=1","Western Germany","1","978-Eupen.txt"
"979","STATE_979","Ticino","SWI","","SWI","","Alpine Region","2","979-Ticino.txt"
"980","STATE_980","Yucatan","MAY","","MAY MEX","4965=1","Yucatan Peninsula","2","980-Neuchatel.txt"
"981","STATE_981","Piedmont","PIE","","PIE","6780=25 9741=6 14139=3 11730=3 11726=6","Alpine Region","14","981-Piedmont.txt"
"982","STATE_982","Prince Arthur's Landing","CAN","","CAN","","Eastern Canada","1","982-Prince Arthur's Landing.txt"
"983","STATE_983","Assab","AWS","","AWS","","Ethiopian Highlands","2","983-Assab.txt"
"984","STATE_984","Saarland","PRS","","PRS","9575=1 11531=3","Western Germany","2","984-Saarland.txt"
"985","STATE_985","Chathaburi","SIA","","SIA","","Siam","4","985-East Bangkok.txt"
"986","STATE_986","Lan Na","SIA","","SIA SHN BRM","1488=1 1990=1","Siam","10","986-Lan Na.txt"
"987","STATE_987","Nong Khai","SIA","","LAO","7516=1","Siam","6","987-Nong Khai.txt"
"988","STATE_988","Sainyabuli","SIA","","LAO","","Siam","3","988-Sainyabuli.txt"
"989","STATE_989","South Tenasserim","SIA","","","","Burma","5","989-Phetchaburi.txt"
"990","STATE_990","Roi Et","CSK","","CSK LAO SIA","12402=1 12417=1","Siam","6","990-Roi Et.txt"
"991","STATE_991","Preah Vihear","CAM","","CAM SIA","4302=1","Siam","4","991-Preah Vihear.txt"
"992","STATE_992","Ky Son","VNM","","LAO VNM","9988=1","South East Asia","1","992-Ky Son.txt"
"993","STATE_993","Son-Chau","LUA","","VIN LUA","4529=1","South East Asia","5","993-Son-Chau.txt"
"994","STATE_994","Siem Reap","SIA","","CAM SIA","10134=1 7404=1","Siam","7","994-Siem Reap.txt"
"995","STATE_995","Ratanakir","CSK","","CAM CSK JAI","","South East Asia","2","995-Ratanakir.txt"
"996","STATE_996","Shan","SHN","","SHN BRM","","Burma","7","996-Shan.txt"
"997","STATE_997","Apulia","NSC","","NSC","11837=15 6843=8 6939=3 11998=3","Italy","8","997-Apulia.txt"
"998","STATE_998","Can Tho","VIN","","VIN CAM","4223=1 7303=2","South East Asia","7","998-Champa.txt"
"999","STATE_999","South Sistan","PER","","PER","12761=2","Afghanistan Area","2","999-South Sistan.txt"
"1000","STATE_1000","Thatta","RAJ","","RAJ","14117=1 3456=3","Afghanistan Area","7","1000-West Indus.txt"
"1001","STATE_1001","Königsberg","PRS","","PRS","3384=1 6332=10","Western Poland","6","1001-Kaliningrad.txt"
"1002","STATE_1002","Danzig","PRS","","PRS","362=10","Western Poland","2","1002-Danzig.txt"
"1003","STATE_1003","Thompson","HBC","","HBC","7853=1 7753=1","Western Canada","7","1003-Thompson.txt"
"1004","STATE_1004","East Jordan","JSH","","JSH NJD","","Middle East","4","1004-East Jordan.txt"
"1005","STATE_1005","Al-Hasa","NJD","","NJD","","Arabian Coast","5","1005-Zor.txt"
"1006","STATE_1006","Udaipur","SRS","","JPR RAJ","14127=1","Pakistan","8","1006-Udaipur.txt"
"1007","STATE_1007","Gujarat","GUJ","","RAJ GUJ","14109=1 9975=5 11952=2","Pakistan","12","1007-Gujarat.txt"
"1008","STATE_1008","Lankaran","RUS","","RUS","","Caucasus Region","2","1008-Lankaran.txt"
"1009","STATE_1009","East Rhineland","PRS","","PRS","6469=10 6570=5","Western Germany","5","1009-Ost-Rhine.txt"
"1010","STATE_1010","South Sudetenland","AUS","","AUS CZE","","Czechoslovakia","5","1010-South Sudetenland.txt"
"1011","STATE_1011","Lika-Senj","AUS","","AUS CRO","","Western Balkans","5","1011-Lika-Senj.txt"
"1012","STATE_1012","Lendouba","TUN","","TUN","1046=1","North Africa","4","1012-Jendouba.txt"
"1013","STATE_1013","Algerian Oases","FRA","","ALG","4970=1 4588=1","North Africa","16","1013-Algerian Oases.txt"
"1014","STATE_1014","Tataouine","TUN","","TUN","","North Africa","4","1014-tataouine.txt"
"1015","STATE_1015","Pyongyang","KOR","","KOR","4052=1","Korea","5","1015-South Pyongan.txt"
"1016","STATE_1016","Hamgyong","KOR","","KOR","6822=3","Korea","14","1016-Hamgyong.txt"
"1017","STATE_1017","Pyongan","KOR","","KOR","11775=1 9790=1","Korea","12","1017-North Pyongan.txt"
"1018","STATE_1018","Hwanghae","KOR","","KOR","1003=3 12040=1","Korea","6","1018- Hwanghae.txt"
"1019","STATE_1019","Incheon","KOR","","KOR","13918=10 13916=1","Korea","3","1019-Seoul.txt"
"1020","STATE_1020","Gyeongsang","KOR","","KOR","4056=15 12089=5 4103=1 1054=3","Korea","10","1020-Gyeongsang.txt"
"1021","STATE_1021","Chungcheong","KOR","","KOR","7204=5 11992=2","Korea","6","1021-chungcheong.txt"
"1022","STATE_1022","Guantanamo Bay","SPR","","","13527=1","Caribbean Sea","1","1022-Guantanamo Bay.txt"
"1023","STATE_1023","Eastern Rumelia","OTO","","BUL","6923=5 9902=1","Eastern Balkans","18","1023 - Rumelia.txt"
"1024","STATE_1024","Gangwon","KOR","","KOR","13870=1 7021=2 7125=20","Korea","6","1024-Gangwon.txt"
"1025","STATE_1025","Lushun","QNG","","QNG","1150=1 14900=1","Manchuria","2","1025-Lushun.txt"
"1026","STATE_1026","Euphrates Strip","OTO","","IRQ","2089=3 10876=3","Middle East","5","1026-Euphrates Strip.txt"
"1027","STATE_1027","Mesopotamia","OTO","","IRQ","7994=1","Middle East","6","1027-Mesopotamia.txt"
"1028","STATE_1028","Kangwon","KOR","","KOR","848=3","Korea","4","1028-Kangwon.txt"
"1029","STATE_1029","Plazas de Soberanía","SPR","","SPR","13720=2 13721=1","North West Africa","2","1029-Plazas de Soberania.txt"
"1030","STATE_1030","Garhjat","ORS","","ORS RAJ","10428=2 1579=1","Deccan Plateau","12","1030-Garhjat.txt"
"1031","STATE_1031","Rhode Island","USA","","USA","14435=2 11830=3 14434=3 14436=7","New England","5","1031-Rhode Island.txt"
"1032","STATE_1032","North Schleswig","SCH","","SCH","11251=1","North-West Germany","2","1032-North Schleswig.txt"
"1033","STATE_1033","Hohenzollern-Sigmaringen","PRS","","PRS","6934=3","Western Germany","1","1033-Hohenzollern-Sigmaringen.txt"
"1034","STATE_1034","Circars","RAJ","","RAJ","4237=1 10001=2","Deccan Plateau","8","1034-Circars.txt"
"1035","STATE_1035","Nassau","NAS","","NAS","6444=3","Western Germany","2","1035-Nassau.txt"
"1036","STATE_1036","Parana","BRA","","BRA","8181=3 14024=3","Brazil","3","1036-Parana.txt"
"1037","STATE_1037","Município Neutro","BRA","","BRA","12466=40","Brazil","1","1037-Municipo Neutro.txt"
"1038","STATE_1038","Minas Gerais","BRA","","BRA","8148=8 12334=5 12938=1 7589=1 14032=1 14033=1 12909=1 5223=1 14034=1","Brazil","28","1038-Minas Gerais.txt"
"1039","STATE_1039","Espirito Santo","BRA","","BRA","10999=8","Brazil","3","1039-Espirito Santo.txt"
"1040","STATE_1040","Sergipe","BRA","","BRA","8143=2","Brazil","2","1040-Sergipe.txt"
"1041","STATE_1041","Ceara","BRA","","BRA","5107=8","Brazil","5","1041-Ceara.txt"
"1042","STATE_1042","Sara-Kaba","BAG","","BAG","","Tschad Basin","1","1042-Sara Kaba.txt"
"1043","STATE_1043","Borgu","BRG","","BRG","12762=1 12874=1","Ivory Coast","4","1043-Paraiba.txt"
"1044","STATE_1044","Pernambuco","BRA","","BRA","5168=30 10998=8 10939=5 5182=1","Brazil","11","1044-Pernambuco.txt"
"1045","STATE_1045","Ponca","DAK","","DAK","1747=1","Central USA","6","1045-Dakota.txt"
"1046","STATE_1046","Eastern Quebec","CAN","","CAN","","Eastern Canada","3","1046- Eastern Quebec.txt"
"1047","STATE_1047","Kettle","DAK","","DAK","","Central USA","6","1047-Wyoming-Sioux.txt"
"1048","STATE_1048","Fort Bridger","UTA","","DAK","1767=1","Central USA","1","1048-Montana-Sioux.txt"
"1049","STATE_1049","Cheyenne","DAK","","DAK","","Central USA","5","1049-Cheyenne.txt"
"1050","STATE_1050","Logone","BAG","","BAG","","Tschad Basin","1","1050- Logone.txt"
"1051","STATE_1051","Lower Colorado","KNS","","KNS","1827=5","Central USA","6","1051-Colorado-Cheyenne.txt"
"1052","STATE_1052","Kiowa","KNS","","KNS","","Central USA","4","1052-Kansas-Cheyenne.txt"
"1053","STATE_1053","Kochi","TOS","","TSH TOS","7197=10","Home Islands","4","1053-Tosa.txt"
"1054","STATE_1054","Kagoshima","SAT","","TSH SAT","4102=5","Home Islands","3","1054-Satsuma.txt"
"1055","STATE_1055","South Bucovina","AUS","","MOL AUS GLM","6761=1","Eastern Balkans","2","1055 - South Bucovina.txt"
"1056","STATE_1056","Anhui","TAI","","QNG TAI","","South East China","17","1056 - Anhui.txt"
"1057","STATE_1057","Han Huangde","TAI","","QNG TAI","4619=5 7637=3","South East China","7","1057-Han Huangde.txt"
"1058","STATE_1058","Entre Rios","ARG","","ARG ETR BUE","1449=10","Platine Plateau","7","1058-EntreRios.txt"
"1059","STATE_1059","Basque Country","SPR","","SPR BAS","740=15 3735=5","Iberia","3","1059-Hego Euskal Herria.txt"
"1060","STATE_1060","Jadebucht","PRS","","PRS","13562=1","North-West Germany","1","1060-wilhelmshaven.txt"
"1061","STATE_1061","Upper Hesse","HSD","","HSD","3524=1","Western Germany","3","1061-Upper Hesse.txt"
"1062","STATE_1062","Misiones","ARG","","ARG PAR BUE","","Platine Plateau","1","1062-Misiones.txt"
"1063","STATE_1063","Chaco Central","PAR","","PAR","","Platine Plateau","2","1063-Hayes.txt"
"1064","STATE_1064","Missiones Oriental","BRA","","BRA","","Brazil","2","1064-EastMisiones.txt"
"1065","STATE_1065","Apa","PAR","","PAR BRA","","Platine Plateau","9","1065-Apa.txt"
"1066","STATE_1066","Formosa","PAR","","PAR ARG BUE","","Platine Plateau","4","1066-Formosa.txt"
"1067","STATE_1067","Goshen","OOR","","","","South Africa","1","1067-Goshen.txt"
"1068","STATE_1068","Ciudad de Asunción","PAR","","PAR","13567=5","Platine Plateau","2","1068-Asuncion.txt"
"1069","STATE_1069","Concepción","PAR","","PAR","13573=4 13579=2 13569=2","Platine Plateau","13","1069-Concepcion.txt"
"1070","STATE_1070","Amatonga","ZUL","","ZUL","","South Africa","1","1070-North Natal.txt"
"1071","STATE_1071","Alto Chaco","BOL","","BOL","12916=1","Platine Plateau","4","1071-Amambay.txt"
"1072","STATE_1072","Southern Mato Grosso","BRA","","BRA","","Amazonian Brazil","8","1072-Canindeyu.txt"
"1073","STATE_1073","Amazonía","ECU","","","","Northern South America","5","1073-Amazonia.txt"
"1074","STATE_1074","Nez Percé","DAK","","DAK","","Rocky Mountains","1","1074-NezPerce.txt"
"1075","STATE_1075","Manipur","RAJ","","SHN BRM","","East India","7","1075-Manipur.txt"
"1076","STATE_1076","Coeur d'Alene","WSH","","","12124=1","Rocky Mountains","4","1076-Coeur d'Alene.txt"
"1077","STATE_1077","Waikato","KIN","","NZL KIN","1746=1","New Nealand","6","1077-Waikato.txt"
"1078","STATE_1078","Taranaki","NZL","","NZL","","New Nealand","3","1078-Taranaki.txt"
"1079","STATE_1079","Bay of Plenty","NZL","","NZL","","New Nealand","5","1079-Bay of Plenty.txt"
"1080","STATE_1080","Auckland","NZL","","NZL","4543=5","New Nealand","5","1080-far north.txt"
"1081","STATE_1081","Colonia","URG","","URG","13614=5 4457=5 10502=5 12496=5 13621=5 13611=5 13612=5","Platine Plateau","15","1081-Colonia.txt"
"1082","STATE_1082","Beni","BOL","","BOL","12973=1 8211=1","Amazonian Brazil","8","1082-Beni.txt"
"1083","STATE_1083","Tierra del Fuego","WLL","","WLL","","Platine Plateau","1","1083-Tierra del Fuego.txt"
"1084","STATE_1084","Punta Arenas","CHL","","WLL","5201=5","Platine Plateau","4","1084-Punta Arenas.txt"
"1085","STATE_1085","Arica and Parinacota","PRR","","PRR PRU","13622=5","Northern Andes","1","1085-Arica and Parinacota .txt"
"1086","STATE_1086","Coquimbo","CHL","","CHL","13645=5","Platine Plateau","6","1086-Coquimbo.txt"
"1087","STATE_1087","Valparaiso","CHL","","CHL","13649=5 13650=5 13651=5","Platine Plateau","5","1087-Valparaiso.txt"
"1088","STATE_1088","Maule","CHL","","CHL","13653=5","Platine Plateau","4","1088-Maule.txt"
"1089","STATE_1089","Auracania","WLL","","WLL","12984=5 13656=5","Platine Plateau","6","1089-Auracania.txt"
"1090","STATE_1090","Los Rios","CHL","","CHL WLL","12954=5","Platine Plateau","6","1090-Los Rios.txt"
"1091","STATE_1091","Columbia","USA","","USA","3957=30","East Coast","1","1091-Washington DC.txt"
"1092","STATE_1092","Western Colorado","UTA","","","","Central USA","8","1092-Western Colorado.txt"
"1093","STATE_1093","Nevada","NMX","","","4799=3","Rocky Mountains","3","1093-Nevada.txt"
"1094","STATE_1094","Paysandu","URG","","URG","13620=5 13584=5 13594=5 13616=5 13596=5","Platine Plateau","16","1094-Paysandu.txt"
"1095","STATE_1095","Tarija","BOL","","BOL","","Northern Andes","2","1095-Tarija.txt"
"1096","STATE_1096","Maldonado","URG","","URG","13608=10 13606=5 13604=5 12481=5 13602=5","Platine Plateau","16","1096-Maldonado.txt"
"1097","STATE_1097","Artigas","URG","","URG","12440=5","Platine Plateau","3","1097-Artigas.txt"
"1098","STATE_1098","Chaco Austral","ARG","","ARG BUE","","Platine Plateau","7","1098-Santa Fe.txt"
"1099","STATE_1099","West Formosa","PAR","","","","Platine Plateau","1","1099-West Formosa.txt"
"1100","STATE_1100","Puna de Atacama","BOL","","BOL","","Platine Plateau","3","1100-Santiago del Estero.txt"
"1101","STATE_1101","Cordoba","ARG","","ARG BUE","12942=1","Platine Plateau","6","1101-Catamarca.txt"
"1102","STATE_1102","Salta and Jujuy","ARG","","BUE ARG","","Platine Plateau","6","1102-Salta & Jujury.txt"
"1103","STATE_1103","Neuquen","WLL","","WLL","2199=5","Platine Plateau","3","1103-Neuquen.txt"
"1104","STATE_1104","La Pampa","WLL","","WLL","12998=1","Platine Plateau","9","1104-La Pampa.txt"
"1105","STATE_1105","Pampas","BUE","","BUE ARG","","Platine Plateau","4","1105-Olavarria.txt"
"1106","STATE_1106","Yamashiro","TSH","","TSH","11960=25","Home Islands","1","1106-Kyoto.txt"
"1107","STATE_1107","Kattowitz","PRS","","PRS","506=3 13663=1","Eastern Germany","3","1107-Kattowitz.txt"
"1108","STATE_1108","Western Gold Coast","HOL","","","12742=1","Ivory Coast","1","1108-Western Gold Coast.txt"
"1109","STATE_1109","Koba","KAB","","","13667=1","Guinea Coast","1","1109-Koba.txt"
"1110","STATE_1110","St. Friedrichsburg","HOL","","HOL","13668=1","Ivory Coast","1","1110-Friedrichsburg.txt"
"1111","STATE_1111","Porto-Novo","DAH","","DAH","13669=1","Ivory Coast","1","1111-Porto Novo.txt"
"1112","STATE_1112","Zacatecas","MEX","","MEX","","Sierra Madre","3","1112-Zacatecas.txt"
"1113","STATE_1113","San Luis Potosi","MEX","","MEX","4956=1","Mexico","4","1113-San Luis Potosi.txt"
"1114","STATE_1114","Puebla","MEX","","MEX","","Mexico","1","1114-Puebla.txt"
"1115","STATE_1115","Abkhazeti","ABK","","ABK","11647=5","Caucasus Region","3","1115-Bkhazeti.txt"
"1116","STATE_1116","Guria","OTO","","OTO","3653=3","Caucasus Region","1","1116-Guria.txt"
"1117","STATE_1117","Samegrelo","GEO","","GEO","11599=5","Caucasus Region","3","1117-Samegrelo.txt"
"1118","STATE_1118","Svaneti","GEO","","GEO","","Caucasus Region","1","1118-Svaneti.txt"
"1119","STATE_1119","Eastern Meskheti","RUS","","RUS","","Caucasus Region","3","1119-Eastern Meskheti.txt"
"1120","STATE_1120","Kartli","RUS","","RUS","1599=5","Caucasus Region","3","1120-Kartli.txt"
"1121","STATE_1121","Kakheti","RUS","","RUS","","Caucasus Region","5","1121-Kakheti.txt"
"1122","STATE_1122","Kars","OTO","","OTO ARM","10472=3","Asia minor","6","1122-Kars.txt"
"1123","STATE_1123","Eastern Circassia","RUS","","RUS","","Caucasus Region","8","1123-Eastern Circassia.txt"
"1124","STATE_1124","Guanajuato","MEX","","MEX","2008=1","Mexico","2","1124-Guanajuato.txt"
"1125","STATE_1125","Sinaloa","MEX","","MEX","","Sierra Madre","3","1125-Sinaloa.txt"
"1126","STATE_1126","Budjak","MOL","","MOL","","Eastern Balkans","5","1126-Budjak.txt"
"1127","STATE_1127","Hotin","RUS","","RUS MOL","","Eastern Balkans","2","1127-Hotin.txt"
"1128","STATE_1128","Upper Doab","SRS","","SRS RAJ","14108=3 14108=2 14108=2","Northern India","7","1128-Upper Doab.txt"
"1129","STATE_1129","Huanuco","PRU","","PRU PRR","","Northern Andes","5","1129-Huanuco.txt"
"1130","STATE_1130","Lima Area","PRU","","PRU PRR","","Northern Andes","3","1130-Lima.txt"
"1131","STATE_1131","Tacna","PRR","","PRR PRU","","Northern Andes","1","1131-Tacna.txt"
"1132","STATE_1132","Cusco","PRU","","PRU PRR","","Northern Andes","6","1132-Cusco.txt"
"1133","STATE_1133","Lima","PRU","","PRU PRR","13687=5","Northern Andes","1","1133-Lima City.txt"
"1134","STATE_1134","Latgale","RUS","","","222=1 310=3","Baltic States","9","1134-Latgale.txt"
"1135","STATE_1135","Bialystok","RUS","","RUS","347=3 11301=1","Eastern Poland","4","1135-Bialystok.txt"
"1136","STATE_1136","North-Eastern Papua","PNG","","PNG","12237=1","New Guinea","18","1136-North Papua.txt"
"1137","STATE_1137","Walvis Bay","OOR","","OOR","14152=1","South Africa","1","1137-Walvis Bay.txt"
"1138","STATE_1138","Bajo Chaco","PAR","","PAR","","Platine Plateau","2","1138-San Pedro.txt"
"1139","STATE_1139","Itapua","PAR","","PAR","12901=3 2152=2","Platine Plateau","11","1139-Alto Parana.txt"
"1140","STATE_1140","Lichtenburg","GOS","","GOS TRV","","South Africa","3","1140-Lichtenburg.txt"
"1141","STATE_1141","Heidelberg","GOS","","GOS TRV","2171=2","South Africa","1","1141-Heidelberg.txt"
"1142","STATE_1142","Selangor","SLG","","SLG JOH","10297=5","Malaya","4","1142-Selangor.txt"
"1143","STATE_1143","Zoutpansberg","NIR","","NIR TRV","1688=2","South Africa","2","1143-Zoutpansberg.txt"
"1144","STATE_1144","Wakkerstroom","STL","","STL TRV","","South Africa","1","1144-Piet Retief.txt"
"1145","STATE_1145","Swaziland","SWZ","","SWZ","7900=2","South Africa","1","1145-Swaziland.txt"
"1146","STATE_1146","Siyanda","OOR","","OOR","","South Africa","5","1146-Siyanda .txt"
"1147","STATE_1147","West Griqualand","GQW","","GQW","13707=2","South Africa","3","1147-Griqualand West.txt"
"1148","STATE_1148","Stellaland","OOR","","","13708=1","South Africa","1","1148-Stellaland.txt"
"1149","STATE_1149","Campbell Lands","GQW","","GQW","13716=1","South Africa","4","1149-Campbell Lands.txt"
"1150","STATE_1150","East Griqualand","RHO","","RHO NAT SAF","","South Africa","2","1150-East Griqualands.txt"
"1151","STATE_1151","Qinghe","QNG","","QNG","10003=1 6828=3 12026=1","Eastern China","12","1151-South Hebei.txt"
"1152","STATE_1152","Ganzi","QNG","","QNG","","Quinghai","5","1152-Ganzi.txt"
"1153","STATE_1153","Monaco","MNC","","MNC","13719=3","Southern France","1","1153-Monaco.txt"
"1154","STATE_1154","South Mosquito","MSQ","","MSQ","13722=3","Central America","8","1154-Miskito Coast.txt"
"1155","STATE_1155","North Mosquito","MSQ","","MSQ","","Central America","1","1155-Norte Miskito.txt"
"1156","STATE_1156","Teton","ORE","","ORE","","Central USA","2","1156-Teton.txt"
"1157","STATE_1157","Chamdo","QNG","","QNG TIB","8059=1","Himalayas","8","1157-Chamdo.txt"
"1158","STATE_1158","Ar-Raqqah","OTO","","SYR","1634=3","Middle East","7","1158-Ar-Raqqah.txt"
"1159","STATE_1159","Matabeleland","NDE","","NDE ROZ","4851=1","Katanga Plateau","10","1159-Matabeleland.txt"
"1160","STATE_1160","Mandan","DAK","","DAK","","Central USA","4","1160-Mandan.txt"
"1161","STATE_1161","Kayah","BRM","","BRM","","Burma","8","1161-Kayah.txt"
"1162","STATE_1162","Masvingo","ROZ","","ROZ","","Katanga Plateau","3","1162-Masvingo.txt"
"1163","STATE_1163","Ségou","SGO","","SGO","14332=5 14330=1","Upper Niger","4","1163-Segou.txt"
"1164","STATE_1164","Mamfe","BMM","","BMM","","Equatorial Coast","2","1164-Mamfe.txt"
"1165","STATE_1165","Jubaland","GLD","","GLD","","The Horn","2","1165-Jubaland.txt"
"1166","STATE_1166","Maui","HAW","","HAW","12021=1 7195=5 14449=1","Eastern Pacific 1","3","1166-Maui.txt"
"1167","STATE_1167","Jiaozhou","QNG","","QNG","13737=1","Eastern China","1","1167-Jiaozhou.txt"
"1168","STATE_1168","Weihaiwei","QNG","","QNG","13738=1","Eastern China","1","1168-Weihaiwei.txt"
"1169","STATE_1169","Sikkim","SKK","","SKK RAJ","4435=1","East India","2","1169-Sikkim.txt"
"1170","STATE_1170","Western Quebec","CAN","","CAN","14753=2","Eastern Canada","19","1170-Western Quebec.txt"
"1171","STATE_1171","Saint-Lawrence Gulf","CAN","","CAN","12149=40 14674=5 14675=2 2407=3 14666=1 7433=3 14677=1 14730=2 14681=1","Eastern Canada","26","1171-Gulf of Saint-Lawrence.txt"
"1172","STATE_1172","Assiniboine","TGG","","TGG JOH","4355=2","Malaya","4","1172-Terengganu.txt"
"1173","STATE_1173","Nam Ban","JAI","","","1400=1","South East Asia","7","1173-Nam Ban.txt"
"1174","STATE_1174","Stickeen","HBC","","HBC","14796=1","Western Canada","23","1174-Stickeen.txt"
"1175","STATE_1175","Bulungan","BUN","","BUN","1404=1","Borneo","4","1175-Bulungan.txt"
"1176","STATE_1176","Sulu","SUL","","SUL","1306=1","Borneo","6","1176-Sulu.txt"
"1177","STATE_1177","South Brunei","BRU","","BRU","","Borneo","2","1177- South Brunei.txt"
"1178","STATE_1178","North Sarawak","BRU","","BRU","12283=1","Borneo","4","1178-East Sarawak.txt"
"1179","STATE_1179","West Java","INS","","INS","7381=5","Guinea","8","1179-West Java.txt"
"1180","STATE_1180","Kupang","INS","","INS","13746=1","Guinea","4","1180-Kupang.txt"
"1181","STATE_1181","Makassar","INS","","INS","13753=3","Java Sea","2","1181-Makassar.txt"
"1182","STATE_1182","Sambas","SAM","","SAM","13764=1","Borneo","3","1182-Sambas.txt"
"1183","STATE_1183","Lanfang","LAN","","LAN","1316=3","Borneo","5","1183-Lanfang.txt"
"1184","STATE_1184","Siak-Riau","INS","","","12168=3","Sumatra","10","1184-East Sumatra.txt"
"1185","STATE_1185","South Aceh","ACE","","ACE","","Sumatra","2","1185-South Aceh.txt"
"1186","STATE_1186","Sorong","INS","","INS","13757=3","New Guinea","4","1186-Sorong.txt"
"1187","STATE_1187","East Java","INS","","INS","4608=3","Guinea","12","1187-East Java.txt"
"1188","STATE_1188","Karangasem","SUN","","SUN","13749=1","Guinea","3","1188-Karangasem.txt"
"1189","STATE_1189","Mataram","SUN","","SUN","13748=1","Guinea","4","1189-Mataram.txt"
"1190","STATE_1190","Amami Islands","SAT","","SAT TSH","7115=1","East China Sea","2","1190-Amami Islands.txt"
"1191","STATE_1191","Sudanese Desert","UCT","","UCT","","Sahara Desert","3","1191-Western Sudan.txt"
"1192","STATE_1192","Qatar","BHR","","QAT","8051=1","Arabian Coast","1","1192-Qatar.txt"
"1193","STATE_1193","Bahrain","BHR","","BHR","13769=1","Arabian Coast","1","1193-Baharin.txt"
"1194","STATE_1194","West Hadhramaut","QUA","","QUA","12821=1 14282=2","Arabian Coast","5","1194-West Hadhramaut.txt"
"1195","STATE_1195","Central Hadhramaut","KAT","","KAT","14281=2 4976=1","Arabian Coast","3","1195-Central Hadhramaut.txt"
"1196","STATE_1196","East Hadhramaut","MAH","","MAH","13079=1","Arabian Coast","2","1196-East Hadhramaut.txt"
"1197","STATE_1197","Maputo","POR","","","8245=1","Mozambique","5","1197-Maputo.txt"
"1198","STATE_1198","Fernando Po","SPR","","","","Equatorial Coast","1","1198-Fernando Po.txt"
"1199","STATE_1199","Eastern Macedonia","OTO","","BUL","9930=3","Greece","3","1199-Eastern Macedonia.txt"
"1200","STATE_1200","North Epirus","OTO","","ALB GRE","6900=1","Western Balkans","3","1200 - North Epirus.txt"
"1201","STATE_1201","Kosovo","OTO","","SER ALB","9849=1 9874=3","Western Balkans","7","1201-Prizren.txt"
"1202","STATE_1202","Western Sandjak","OTO","","MNT","","Western Balkans","5","1202-Montenegro Sandjak.txt"
"1203","STATE_1203","Cattaro","AUS","","AUS","","Western Balkans","1","1203-Kotor.txt"
"1204","STATE_1204","Outer Montenegro","OTO","","MNT","","Western Balkans","2","1204-Outer Montenegro.txt"
"1205","STATE_1205","Herzegovina","OTO","","BOS HRZ","9894=3","Western Balkans","5","1205-East Herzegovina.txt"
"1206","STATE_1206","Fraser Fort-George","HBC","","HBC","12571=1 1323=1","Western Canada","15","1206-Fraser Fort-George.txt"
"1207","STATE_1207","Banja Luka","OTO","","BOS","6983=5","Western Balkans","7","1207-Banja Luka.txt"
"1208","STATE_1208","Romanija","OTO","","BOS","606=5","Western Balkans","8","1208-Eastern Bosnia.txt"
"1209","STATE_1209","Het Oosten","HOL","","HOL","6286=5 9403=3 6241=10 9363=5 11456=5","Benelux Region","5","1209-Het Oosten.txt"
"1210","STATE_1210","Nagato","CHO","","TSH CHO","13915=3","Home Islands","3","1210-Nagato.txt"
"1211","STATE_1211","Congo Basin","BKW","","BKW","","Congo Basin","14","1211-Congo Basin.txt"
"1212","STATE_1212","Zaire","KON","","KON","13787=10 13786=3","Congo Basin","2","1212-Angolan Kongo.txt"
"1213","STATE_1213","Cabinda","POR","","KON","2115=1","Congo Basin","1","1213-Cabinda.txt"
"1214","STATE_1214","Herero","OOR","","OOR","","Kalahari Desert","3","1214-Herero.txt"
"1215","STATE_1215","Katanga","YEK","","YEK","4515=1","Katanga Plateau","3","1215-Eastern Lunda.txt"
"1216","STATE_1216","North Dagestan","RUS","","RUS","3672=5","Taman Region","10","1216-North Dagestan.txt"
"1217","STATE_1217","Nagorno-Karbakh","RUS","","RUS ARM","","Caucasus Region","3","1217-Nagorno-Karabakh.txt"
"1218","STATE_1218","Kwara","SKT","","SKT","13409=3 8021=1 10820=1 1932=1","Lower Niger","15","1218-South Sokoto.txt"
"1219","STATE_1219","Borno","KBO","","KBO","4997=3","Tschad Basin","4","1219-Borno.txt"
"1220","STATE_1220","Zanzibar","ZAN","","ZAN","13439=5","East Africa","1","1220-Zanzibar.txt"
"1221","STATE_1221","Dashan","PAW","","PAW","","Formosa","6","1221-Dashan.txt"
"1222","STATE_1222","Pingqing","QNG","","QNG","5025=1 4939=1","Western China","5","1222-Bunun.txt"
"1223","STATE_1223","Xian","QNG","","QNG","1976=5","Western China","11","1223-Kavalan.txt"
"1224","STATE_1224","Labrador Coast","NFL","","NFL","","Eastern Canada","4","1224-Labrador Coast.txt"
"1225","STATE_1225","Nashenhe","QNG","","QNG","","Central Asia","2","1225-Nashenhe.txt"
"1226","STATE_1226","Ordos","QNG","","QNG","","Western China","6","1226-Tsou.txt"
"1227","STATE_1227","Dagomba","DGB","","DGB","14353=1 8039=1","Ivory Coast","5","1227-Northern Ghana.txt"
"1228","STATE_1228","Taitung","PAW","","PAW","11914=1","Formosa","4","1228-Taitung.txt"
"1229","STATE_1229","Eastmain","HBC","","HBC","490=5","Eastern Canada","10","1229-Ungava.txt"
"1230","STATE_1230","Lower Saint-Lawrence","CAN","","CAN","6676=1 14661=1 14665=1 14731=3","Eastern Canada","14","1230-Lower Saint-Lawrence.txt"
"1231","STATE_1231","Tsushima","TSH","","TSH","","Home Islands","1","1231-Tsushima.txt"
"1232","STATE_1232","Qingdao","QNG","","QNG","1200=1","Eastern China","11","1232-Qingdao.txt"
"1233","STATE_1233","Burgenland","AUS","","AUS HUN","","Alpine Region","4","1233-Burgenland.txt"
"1234","STATE_1234","Trentino","AUS","","AUS","11598=5","Alpine Region","3","1234-Trentino.txt"
"1235","STATE_1235","Trieste","AUS","","AUS","6626=10 14191=3 14287=1","Western Balkans","3","1235-Trieste.txt"
"1236","STATE_1236","Istria","AUS","","AUS","11735=1","Western Balkans","3","1236-Istria.txt"
"1237","STATE_1237","South Ossetia","RUS","","RUS","","Caucasus Region","2","1237-South Ossetia.txt"
"1238","STATE_1238","Nakhchivan","RUS","","RUS ARM","","Caucasus Region","1","1238-Nakhchivan.txt"
"1239","STATE_1239","Syunik","RUS","","RUS ARM","","Caucasus Region","2","1239-Syunik.txt"
"1240","STATE_1240","Thasos","EGY","","","","Greece","1","1240-Thasos.txt"
"1241","STATE_1241","Central Dobrudja","OTO","","BUL ROM","657=2","Eastern Balkans","1","1241-Central Dobrudja.txt"
"1242","STATE_1242","Lasithi","OTO","","GRE","","Aegean Sea","1","1242-Eastern Crete.txt"
"1243","STATE_1243","Antakya","OTO","","SYR","12029=3","Middle East","1","1243-Antakya.txt"
"1244","STATE_1244","Tuamasaga","TUA","","TUA","","West Polynesia","1","1244-Tuamasaga.txt"
"1245","STATE_1245","Lampung","INS","","","12268=1","Sumatra","26","1245-Lampung.txt"
"1246","STATE_1246","Gilgit","KAS","","KAS","10821=1","Himalayas","3","1246-Gilgit.txt"
"1247","STATE_1247","Tutuila","TUA","","TUA","","West Polynesia","1","1247-Tutuila.txt"
"1248","STATE_1248","Altai Mongolia","QNG","","QNG MON","7799=1","Central Steppe","29","1248-Altai Mongolia.txt"
"1249","STATE_1249","Veraguas","COL","","COL","","Central America","2","1249-Panama.txt"
"1250","STATE_1250","North Kalimantan","INS","","","10237=1","Borneo","16","1250-North Kalimantan.txt"
"1251","STATE_1251","Attica","GRE","","GRE","4109=20","Greece","1","1251-Athens.txt"
"1252","STATE_1252","Dabancheng","QNG","","QNG KML","","Central Asia","8","1252-Dabancheng.txt"
"1253","STATE_1253","Kunlun Shan","QNG","","QNG","","Central Asia","4","1253-Kunlun Shan.txt"
"1254","STATE_1254","Bayingol","QNG","","QNG","","Central Asia","1","1254-Taklamakan Desert.txt"
"1255","STATE_1255","Jiuquan","QNG","","QNG","7971=1 12820=1 2028=1","Western China","5","1255-Jiuquan.txt"
"1256","STATE_1256","Ningxia","QNG","","QNG","10854=3","Western China","4","1256-Actual Ningxia.txt"
"1257","STATE_1257","Osumi","SAT","","TSH SAT","","Home Islands","6","1257-Osumi.txt"
"1258","STATE_1258","Kumamoto","TSH","","TSH","1025=5 11925=2 13840=1","Home Islands","7","1258-Bungo.txt"
"1259","STATE_1259","Saga","SAG","","TSH SAG","1158=10","Home Islands","4","1259-Hizen.txt"
"1260","STATE_1260","Nagasaki","TSH","","TSH","9950=2","Home Islands","1","1260-Real Nagasaki.txt"
"1261","STATE_1261","Aki","TSH","","TSH","1092=5 7212=1","Home Islands","7","1261-Hiroshima.txt"
"1262","STATE_1262","Nuevo México","NMX","","","3883=4 4975=6","South West","8","1262-Nuevo Mexico.txt"
"1263","STATE_1263","Osaka","TSH","","TSH","7072=15","Home Islands","1","1263-Real Osaka.txt"
"1264","STATE_1264","Wakayama","TSH","","TSH","7113=3","Home Islands","6","1264-Wakayama.txt"
"1265","STATE_1265","Mie","TSU","","TSU","4054=3","Home Islands","2","1265-Ise.txt"
"1266","STATE_1266","Yokohama","TSH","","TSH","13931=1 13930=1","Home Islands","2","1266-Edo.txt"
"1267","STATE_1267","Ibaraki","MIT","","MIT TSH","7016=10","Home Islands","4","1267-Hitachi.txt"
"1268","STATE_1268","Akita","SHI","","SHI TSH","1063=5","Home Islands","5","1268-Dewa.txt"
"1269","STATE_1269","Tokushima","TSH","","TSH","4094=1 9965=3","Home Islands","6","1269-Sanuki.txt"
"1270","STATE_1270","Cantabria","SPR","","SPR","11688=5 9703=1","Iberia","6","1270-Cantabria.txt"
"1271","STATE_1271","Hungarian Slavonia","AUS","","AUS HUN","","Western Balkans","1","1271- Croatian Slavonia.txt"
"1272","STATE_1272","Sarajevo","OTO","","BOS","11572=3 13876=10","Western Balkans","8","1272-Sarajevo.txt"
"1273","STATE_1273","The Western Outlands","OTO","","BUL","","Eastern Balkans","2","1273-Bosilegrad Tsaribrod.txt"
"1274","STATE_1274","Chalkidiki","OTO","","GRE","11818=5","Greece","2","1274-Chalkidki.txt"
"1275","STATE_1275","Dardanelles","OTO","","OTO","849=5","Greece","3","1275-Dardanelles.txt"
"1276","STATE_1276","Cuenca del Rio Yaqui","MEX","","MEX","","Sierra Madre","2","1276-Yaqui.txt"
"1277","STATE_1277","Aomori","TSH","","TSH","6994=5","Home Islands","4","1277-Aomori.txt"
"1278","STATE_1278","Fiume","AUS","","AUS","14195=3","Western Balkans","1","1278-Fiume.txt"
"1279","STATE_1279","Greer County","OKL","","NMX","","South West","1","1279-Greer County.txt"
"1280","","Putumayo","COL","","COL","","Northern Andes","1","1280-Putumayo.txt"
"1281","STATE_1281","Kimberly","SRC","","SRC","8209=1 10937=1 5207=2","Central Australia","6","1281- Kimberly.txt"
"1282","STATE_1282","Asir","OTO","","HJZ ASR","8073=1","Arabian Coast","4","1282-Jiznan.txt"
"1283","STATE_1283","Pinon Canyon","NMX","","NMX","","Central USA","3","1283-Pinon Canyon.txt"
"1284","STATE_1284","Adamawa","ADM","","ADM SKT","4889=1","Lower Niger","3","1284-Adamawa.txt"
"1285","STATE_1285","Cherokee Outlet","OKL","","","","South West","4","1285-Cherokee Outlet.txt"
"1286","STATE_1286","Apache","UTA","","UTA","","Rocky Mountains","3","1286-Apache.txt"
"1287","STATE_1287","Woleu-Ntem","BKW","","BKW","","Equatorial Coast","1","1287- Woleu-Ntem.txt"
"1288","STATE_1288","Eastern Creek Nation","OKL","","OKL","","South West","1","1288-Eastern Creek Nation.txt"
"1289","STATE_1289","Jharkhand","RAJ","","","12035=3 12307=1","Northern India","9","1289-Jharkhand.txt"
"1290","STATE_1290","Mandan","KTN","","KTN JOH","7329=2","Malaya","4","1290-Kelantan.txt"
"1291","STATE_1291","Wyoming","ORE","","ORE","","Central USA","1","1291-Shoshone.txt"
"1292","STATE_1292","Blackfoot","WSH","","WSH","","Central USA","3","1292-Blackfoot.txt"
"1293","STATE_1293","Oklahoma Strip","CIM","","CIM","12624=1","South West","1","1293-Oklahoma strip.txt"
"1294","STATE_1294","Gobi","QNG","","QNG MON","","Central Steppe","24","1294-Gobi.txt"
"1295","STATE_1295","Tigray","ETH","","ETH","13369=3","Ethiopian Highlands","3","1295-Tigray.txt"
"1296","STATE_1296","Jicarilla","DAK","","DAK","","Central USA","3","1296-Jicarilla.txt"
"1297","STATE_1297","Northern Arizona","NMX","","","10573=1 850=1 11814=1 7821=1 1793=1","Rocky Mountains","5","1297-Northern Arizona.txt"
"1298","STATE_1298","Perak","PRK","","PRK JOH","1364=1","Malaya","5","1298-Perak.txt"
"1299","STATE_1299","Diffa","KBO","","KBO","10780=1","Tschad Basin","4","1299-Diffa.txt"
"1300","STATE_1300","Afder","OGD","","OGD","","The Horn","8","1300-Afdar.txt"
"1301","STATE_1301","Socorro","NMX","","NMX","10914=1 8070=1 13828=1","South West","9","1301-Socorro.txt"
"1302","STATE_1302","Kaffa","SID","","SID ORO","14155=2 14159=1","Ethiopian Highlands","5","1302-Kaffa.txt"
"1303","STATE_1303","Gaza","GAZ","","GAZ","5212=1","Mozambique","9","1303- Gaza.txt"
"1304","STATE_1304","Lower Acre","BOL","","BOL","","Amazonian Brazil","4","1304-Lower Acre.txt"
"1305","STATE_1305","Ilam","PER","","PER LUR","829=1","Iran","6","1305- Ilam.txt"
"1306","STATE_1306","Alto Rio Negro","COL","","COL","","Amazonian Brazil","4","1306-Alto Rio Negro.txt"
"1307","STATE_1307","Nicobar Islands","DEN","","","","Bay of Bengal","1","1307-Nicobar Islands.txt"
"1308","STATE_1308","North Sentinel Island","UCT","","UCT","","Bay of Bengal","1","1308-North Sentinel Island.txt"
"1309","STATE_1309","Heligoland","ENG","","ENG","","North-West Germany","1","1309-Helgoland.txt"
"1310","STATE_1310","East Ontario","CAN","","CAN","3778=20 3605=30 605=2 6797=5 9583=10 14639=2 14634=1 14635=1 4270=1","Eastern Canada","20","1310-East Ontario.txt"
"1311","STATE_1311","Montreal","CAN","","CAN","4345=50 10230=10 10320=1 14779=5 14778=5 14781=3 14788=2 14785=3 14771=1 14770=3 14667=20 14776=2 14775=2 7291=10 14821=1 14824=2 14823=1 14811=2 14784=1","Eastern Canada","47","1311-Montreal.txt"
"1312","STATE_1312","Socotra","MAH","","MAH","","Arabian Coast","1","1312-Socotra.txt"
"1313","STATE_1313","Lublin","RUS","","POL","402=3 9544=3 11399=3","Eastern Poland","7","1313-Lublin.txt"
"1314","STATE_1314","Warszawa","RUS","","POL","3544=20","Western Poland","1","1314-Warszawa.txt"
"1315","STATE_1315","Central Bengal","RAJ","","RAJ","7662=3 10443=2 10035=1","East India","11","1315-Central Benegal.txt"
"1316","STATE_1316","Tripura","RAJ","","RAJ","","East India","2","1316-Tripura.txt"
"1317","STATE_1317","Jammu","KAS","","KAS RAJ","14138=2","Himalayas","3","1317-Jammu.txt"
"1318","STATE_1318","Este","DOM","","DOM","","Caribbean Sea","4","1318-Este.txt"
"1319","STATE_1319","Khwarezm","KHI","","KHI","12465=1","Great Steppe","7","1319-Khwarazm.txt"
"1320","STATE_1320","Syrmia","AUS","","AUS CRO SER","","Western Balkans","1","1320-Syrmia.txt"
"1321","STATE_1321","Krakow","AUS","","AUS GLM","9427=10","Western Poland","2","1321-Krakow.txt"
"1322","STATE_1322","Potosi","BOL","","BOL","5179=1 14007=1","Northern Andes","7","1322-Potosi.txt"
"1323","STATE_1323","Oyapokia","BRA","","BRA","","Amazonian Brazil","1","1323-Oyapokia.txt"
"1324","STATE_1324","Uralsky Uezd","RUS","","KAZ","","Western Steppe","5","1324-Uralsky Uezd.txt"
"1325","STATE_1325","Central Bolivia","BOL","","BOL","8240=1 10924=1 12930=1","Northern Andes","8","1325-Central Bolivia.txt"
"1326","STATE_1326","Gibson Desert","NSW","","NSW","10336=2 10955=1","Eastern Australia","5","1326-Gibson Desert.txt"
"1327","STATE_1327","Ifni","MOR","","MOR","","North West Africa","1","1327-Ifni.txt"
"1328","STATE_1328","Saint Barthélemy","SWE","","","13882=1","Caribbean Sea","1","1328-Saint Barthelemy.txt"
"1329","STATE_1329","Versailles","FRA","","FRA","13883=4","Northern France","1","1329-Versaille.txt"
"1330","STATE_1330","Multan","KAR","","KAR RAJ","8007=3 14123=5","Pakistan","7","1330-Multan.txt"
"1331","STATE_1331","Jaffna","RAJ","","RAJ SRL","10201=3 10229=3","Southern India","4","1331-Jaffna.txt"
"1332","STATE_1332","Tsaritsyn","RUS","","RUS","3529=30","Western Steppe","3","1332-Tsaritsyn.txt"
"1333","STATE_1333","Second Donskoy District","RUS","","RUS","","Western Steppe","7","1333-Donskoy District.txt"
"1334","STATE_1334","Kamyshin","RUS","","RUS","","Western Steppe","9","1334-Kamyshin.txt"
"1335","STATE_1335","Sulina","OTO","","ROM","","Eastern Balkans","1","1335-Sulina.txt"
"1336","STATE_1336","Da Nang","VIN","","VIN","4255=1 10309=3","South East Asia","5","1336-Da Nang.txt"
"1337","STATE_1337","Ha Noi","VIN","","VIN","11884=10 4075=5 4397=2 11936=2","South East Asia","7","1337-Ha Noi.txt"
"1338","STATE_1338","Auralia","SRC","","SRC","11884=10 12990=1","Central Australia","11","1338-Auralia.txt"
"1339","STATE_1339","Kanem","KBO","","KBO","3123=1","Tschad Basin","4","1339-Kanem.txt"
"1340","STATE_1340","Mandara","KBO","","KBO","13356=1 7963=1","Tschad Basin","2","1340-Mandara.txt"
"1341","STATE_1341","Taudenni","UCT","","UCT","1115=1","Sahara Desert","5","1341-Taudenni.txt"
"1342","STATE_1342","California","USA","","USA CAL","14295=1 766=2 710=3 3678=1 3644=1 14294=2 11763=1 610=1 6694=1 3840=1 14913=1 6757=1 9713=3 9671=7 768=2 3677=2 7667=1 14916=1 14915=1 6482=1 11658=1 9697=1 3588=1 1601=2 14912=2","West Coast","49","1342-California.txt"
"1343","STATE_1343","Gongqin","QNG","","QNG","12797=1","Western China","6","1343-Gongqin.txt"
"1344","STATE_1344","Northern Madagascar","MRN","","MRN","5222=1 5185=1","Madgascar","3","1344-Northern Madagascar.txt"
"1345","STATE_1345","Western Madagascar","MRN","","MRN","8180=1 11015=3","Madgascar","4","1345-Western Madagascar.txt"
"1346","STATE_1346","South Liberia","LIB","","LIB","8006=1 13218=1","Guinea Coast","2","1346-South Liberia.txt"
"1347","STATE_1347","Maryland County","LIB","","LIB","13216=2","Guinea Coast","1","1347-Maryland County.txt"
"1348","STATE_1348","Ahaggar Mountains","KAG","","KAG","5035=1","Sahara Desert","11","1348-Ahaggar Mountains.txt"
"1349","STATE_1349","Hala'ib","EGY","","EGY","","Egypt","1","1349-Hala'ib.txt"
"1350","STATE_1350","Havanna","SPR","","","7622=20 10498=5","Caribbean Sea","3","1350-La Habana.txt"
"1351","STATE_1351","Champasak","CSK","","CSK LAO","1374=2 4539=1 4539=1 7426=1 1374=3 1592=3","South East Asia","11","1351-Champasak.txt"
"1352","STATE_1352","Luangprabang","LUA","","LUA LAO","12433=3 7218=1","South East Asia","9","1352-Luangprabang.txt"
"1353","STATE_1353","Hue","VIN","","VIN","11884=10 7280=1 4379=10","South East Asia","4","1353-Hue.txt"
"1354","STATE_1354","Sorlandet","NOR","","NOR","9296=1","Southern Norway","7","1354-Sorlandet.txt"
"1355","STATE_1355","Gwadar","OMA","","OMA KLT","13947=1","Pakistan","1","1355-Gwadar.txt"
"1356","STATE_1356","Jamtland","SWE","","SWE","46=1","Northern Sweden","26","1356-Jamtland.txt"
"1357","STATE_1357","Virgin Islands","DEN","","","13946=1","Caribbean Sea","1","1357-Virgin Islands.txt"
"1358","STATE_1358","Upper Michigan","USA","","USA","15567=1 10599=1 15558=1 5205=1 4854=1 15559=1","Midwest","17","1358-Upper Michigan.txt"
"1359","STATE_1359","Baja California Sur","MEX","","MEX","12736=3","Sierra Madre","3","1359-Baja California Sur.txt"
"1360","STATE_1360","Panjdeh","TMS","","TMS","5003=1","Great Steppe","2","1360-Panjdeh.txt"
"1361","STATE_1361","Merv","TMS","","TMS","10414=2","Great Steppe","5","1361-Merv.txt"
"1362","STATE_1362","Wukhan","BDK","","BDK","","Great Steppe","3","1362-Wakhan.txt"
"1363","STATE_1363","Tashkent","KOK","","KOK","1459=3","Great Steppe","3","1363-Tashkent.txt"
"1364","STATE_1364","Karaganda","RUS","","KAZ","","Great Steppe","23","1364-Karaganda.txt"
"1365","STATE_1365","Wukhan Corridor","BDK","","BDK","12653=1","Afghanistan Area","2","1365-Wakhan Corridor.txt"
"1366","STATE_1366","Balkh","AFG","","AFG AFO","7984=1","Afghanistan Area","8","1366-Balkh.txt"
"1367","STATE_1367","Zhaslyk","KHI","","KHI TMS","","Great Steppe","6","1367-Zhaslyk.txt"
"1368","STATE_1368","Amu-Darja","KHI","","KHI","","Great Steppe","5","1368-Amu-Darja.txt"
"1369","STATE_1369","Samarkand","BUK","","BUK","1919=3","Great Steppe","5","1369-Samarkand.txt"
"1370","STATE_1370","Jambyl","RUS","","KAZ","","Great Steppe","5","1370-Jambyl.txt"
"1371","STATE_1371","Bohuslan","SWE","","SWE","6310=1","Southern Sweden","3","1371-Bohuslan.txt"
"1372","STATE_1372","Chukotka","RUS","","RUS","","Eastern Siberia","6","1372-Chukotka.txt"
"1373","STATE_1373","A'ana","TUA","","TUA","","West Polynesia","1","1373-A'ana.txt"
"1374","STATE_1374","Gizhiginsk","RUS","","RUS","","Eastern Siberia","5","1374-Kolyma.txt"
"1375","STATE_1375","Kabarovsk","QNG","","QNG","","Russian Far East","26","1375-Khabarovsk.txt"
"1376","STATE_1376","Bikaner","BIK","","BIK RAJ","14135=1","Pakistan","5","1376-Bikaner.txt"
"1377","STATE_1377","Kirghiz Steppes","RUS","","KAZ","","Great Steppe","22","1377-Kirghiz Steppes.txt"
"1378","STATE_1378","Lagansky","RUS","","RUS","","Taman Region","3","1378-Lagansky.txt"
"1379","STATE_1379","Himachal","RAJ","","RAJ","7106=2 12708=1","Northern India","10","1379-Himachal.txt"
"1380","STATE_1380","Marsala","NSC","","","7059=3","Italy","1","1380-Marsala.txt"
"1381","STATE_1381","East Kanem","WDD","","KBO","","Tschad Basin","5","1381-East Kanem.txt"
"1382","STATE_1382","Kabylia","KBY","","ALG KBY","7166=25 11939=10","North Africa","3","1382-Kabylia.txt"
"1383","STATE_1383","Hausaland","SKT","","SKT HAS","14207=1 14217=5","Tschad Basin","13","1383-Hausaland.txt"
"1384","STATE_1384","Algiers","FRA","","ALG EPD FRA","1145=20","North Africa","1","1384-Algiers.txt"
"1385","STATE_1385","Manu'a","TMA","","TMA","","West Polynesia","1","1385-Manu'a.txt"
"1386","STATE_1386","Huahine","HUA","","HUA","","French Polynesia","1","1386-Huahine.txt"
"1387","STATE_1387","Raiatea","RAI","","RAI","","French Polynesia","1","1387-Raiatea.txt"
"1388","STATE_1388","Bora Bora","BOR","","BOR","","French Polynesia","1","1388-Bora Bora.txt"
"1389","STATE_1389","Pampa","BRA","","BRA","14467=1 14473=1 14470=3 14050=3","Brazil","11","1389-Pampa.txt"
"1390","STATE_1390","Khasso","KHA","","KHA","13213=1","Senegal Coast","2","1390-Khasso.txt"
"1391","STATE_1391","Kalat","KLT","","KLT","8013=2 1179=1","Afghanistan Area","3","1391-Kalat.txt"
"1392","STATE_1392","North Sistan","PER","","PER","","Afghanistan Area","3","1392-North Sistan.txt"
"1393","STATE_1393","South Turkmenistan","PER","","PER","","Great Steppe","7","1393-South Turkmenistan.txt"
"1394","STATE_1394","Musandam Peninsula","OMA","","OMA","","Arabian Coast","1","1394-Musandam Peninsula.txt"
"1395","STATE_1395","Tehran","PER","","PER","10837=61","Iran","1","1395-Tehran.txt"
"1396","STATE_1396","West Azerbaijan","PER","","PER","7604=5 1822=3","Iran","3","1396-West Azerbaijan.txt"
"1397","STATE_1397","Chaharmahal","PER","","PER","","Iran","2","1397-Chaharmahal and Bakhtiari.txt"
"1398","STATE_1398","Saida","ASS","","ASS","13074=2","North Africa","5","1398-El Bayadh.txt"
"1399","STATE_1399","West Libyan Desert","OTO","","LBA","","Sahara Desert","6","1399-West Libyan Desert.txt"
"1400","STATE_1400","Derna","OTO","","LBA SNS","1130=3","North Africa","6","1400-Derna.txt"
"1401","STATE_1401","South Cyrenaica","SNS","","LBA SNS","","Sahara Desert","3","1401-South Cyrenaica.txt"
"1402","STATE_1402","South Jaghbub","UCT","","SNS LBA","","Sahara Desert","2","1402-South Jaghbub.txt"
"1403","STATE_1403","East Libyan Desert","UCT","","SNS LBA","","Sahara Desert","4","1403-East Libyan Desert.txt"
"1404","STATE_1404","Bay Islands","ENG","","ENG","","Central America","1","1404-Bay Islands.txt"
"1405","STATE_1405","Fort Castillo","NIC","","NIC","","Central America","1","1405-Fort Castillo.txt"
"1406","STATE_1406","Florida Swamplands","USA","","USA","1913=1 12752=1 14401=1 14392=1 14909=1 10489=1","East Coast","8","1406-Florida Swamplands.txt"
"1407","STATE_1407","Viterbo","PAP","","PAP","6862=3","Italy","1","1407-Northern Latium.txt"
"1408","STATE_1408","Abbittibbe","HBC","","HBC","","Eastern Canada","2","1408-Eastmain Impassable.txt"
"1409","STATE_1409","Red River","HBC","","HBC","1873=1 14856=10 14855=2","Western Canada","5","1409-Red River.txt"
"1410","STATE_1410","Hamilton River","HBC","","HBC","","Eastern Canada","3","1410-Hamilton River.txt"
"1411","STATE_1411","Toronto","CAN","","CAN","3775=30 3763=50","Eastern Canada","3","1411-Toronto.txt"
"1412","STATE_1412","Brakant","BNA","","BNA","5077=1 8058=1","Senegal Coast","4","1412-Brakant.txt"
"1413","STATE_1413","Upper Guinea","TUK","","TUK","4957=1","Guinea Coast","2","1413-Upper Guinea.txt"
"1414","STATE_1414","Orungu","BKW","","BKW","","Equatorial Coast","3","1414 - Orungu.txt"
"1415","STATE_1415","Northern Algerian Desert","FRA","","ALG","","North Africa","7","1415-Northern Algerian Desert.txt"
"1416","STATE_1416","Fezzan Oases","OTO","","LBA","13487=1 5004=1 12866=1 13479=1","Sahara Desert","16","1416-Fezzan Oases.txt"
"1417","STATE_1417","Bardai","UCT","","UCT","","Sahara Desert","3","1417-Bardai.txt"
"1418","STATE_1418","Adrar n Ifoghas","KAD","","KAD","14341=1","Sahara Desert","8","1418-Adrar n Ifoghas.txt"
"1419","STATE_1419","Aïr Mountains","AIR","","AIR","8128=2","Sahara Desert","7","1419-Aïr Mountains.txt"
"1420","STATE_1420","Bilma","KBO","","KBO","14651=2","Sahara Desert","7","1420-Bilma.txt"
"1421","STATE_1421","Faya-Fada","UCT","","UCT","","Sahara Desert","7","1421-Faya-Fada.txt"
"1422","STATE_1422","East Libyan Oases","SNS","","LBA SNS","","Sahara Desert","11","1422-East Libyan Oases.txt"
"1423","STATE_1423","Western Egyptian Desert","UCT","","UCT","","Egypt","4","1423-Western Egyptian Desert.txt"
"1424","STATE_1424","Siwa and Farafra","UCT","","UCT","12764=1","Egypt","7","1424-Siwa and Farafra.txt"
"1425","STATE_1425","Bahariya-Dakhla","EGY","","EGY","","Egypt","7","1425-Bahariya-Dakhla.txt"
"1426","STATE_1426","Quebec","CAN","","CAN","","Eastern Canada","20","1426-Quebec.txt"
"1427","STATE_1427","Hudson Bay Area","HBC","","HBC","","Western Canada","14","1427-Hudson Bay Area.txt"
"1428","STATE_1428","Rainy Lake","HBC","","HBC","1769=1","Western Canada","3","1428-Lac La Pluie.txt"
"1429","STATE_1429","Albany","HBC","","HBC","10621=1","Western Canada","8","1429-Albany.txt"
"1430","STATE_1430","Island","HBC","","HBC","763=1","Western Canada","5","1430-Norway.txt"
"1431","STATE_1431","Przemysl","AUS","","AUS GLM","6522=2","Eastern Poland","3","1431-Przemysl.txt"
"1432","STATE_1432","Angoche","POR","","MZB","","Mozambique","3","1432-Angoche.txt"
"1433","STATE_1433","Ovamboland","OOR","","OOR","","Kalahari Desert","3","1433-Ovamboland.txt"
"1434","STATE_1434","Damaraland","OOR","","OOR","","Kalahari Desert","3","1434-Damaraland.txt"
"1435","STATE_1435","Northern Kalahari","BAT","","BAT","","Kalahari Desert","5","1435-Northern Kalahari.txt"
"1436","STATE_1436","Grootfontein","OOR","","OOR","","Kalahari Desert","1","1436-Grootfontein.txt"
"1437","STATE_1437","New Georgia","HBC","","HBC","","Western Canada","2","1437-New Georgia.txt"
"1438","STATE_1438","Cassiar Mountains","HBC","","HBC","","Western Canada","5","1438-Cassiar Mountains.txt"
"1439","STATE_1439","Finlay","HBC","","","","Western Canada","2","1439-Finlay.txt"
"1440","STATE_1440","Mount Waddington","HBC","","","","Western Canada","2","1440-Mount Addington.txt"
"1441","STATE_1441","Illy Valley","QNG","","","10146=1","Great Steppe","2","1441-Illy Valley.txt"
"1442","STATE_1442","Illy","QNG","","QNG","4709=3","Central Asia","3","1442-Illy.txt"
"1443","STATE_1443","Ayaguz","RUS","","KAZ","","Great Steppe","5","1443-Zayasanks.txt"
"1444","STATE_1444","Zayasanks","RUS","","KAZ","","Great Steppe","10","1444-Uzhur.txt"
"1445","STATE_1445","Nenjiang","QNG","","QNG","","Manchuria","11","1445-Qiqihar.txt"
"1446","STATE_1446","Liaodong","QNG","","QNG","","Manchuria","5","1446-Liaodong.txt"
"1447","STATE_1447","Kashgar","QNG","","QNG QNG","7790=5","Central Asia","1","1447-Kashgar.txt"
"1448","STATE_1448","Yanyi","QNG","","QNG","1124=3 9971=1","Eastern China","10","1448-Yanyi.txt"
"1449","STATE_1449","Shanghai","QNG","","TAI QNG","7014=10","South East China","6","1449-Shanghai.txt"
"1450","STATE_1450","Nanjing","TAI","","QNG TAI","11913=20","South East China","2","1450-Nanjing.txt"
"1451","STATE_1451","Tongyang","QNG","","QNG","13736=1 4001=5 4091=3","South East China","12","1451-Tongyang.txt"
"1452","STATE_1452","Jinquyan","QNG","","QNG TAI","10086=10 11920=1","South East China","7","1452-Jinquyan.txt"
"1453","STATE_1453","Taichuwen","QNG","","QNG TAI","10058=3 1055=3","South East China","9","1453-Taichuwen.txt"
"1454","STATE_1454","Nei Fujian","QNG","","QNG TAI","7099=1 1193=1 10042=1","South West China","11","1454-Nei Fujian.txt"
"1455","STATE_1455","Ruinan","TAI","1870.1.1:QNG","QNG TAI","10501=3 12495=2 1628=1","South West China","7","1455-Ruinan.txt"
"1456","STATE_1456","Jiangdao","TAI","1870.1.1:QNG","QNG TAI","","South West China","9","1456-Jigandao.txt"
"1457","STATE_1457","Zhuolao","QNG","","QNG","4092=2 7152=1","South West China","9","1457-Zhuolao.txt"
"1458","STATE_1458","Youjiang","YAL","1870.1.1:QNG","GXC YAL QNG","10404=3 4628=1 4656=3 4077=2 1597=2 4028=5","South West China","15","1458-Youjiang.txt"
"1459","STATE_1459","Xuefeng","QNG","","QNG","4480=3 4125=1","South West China","6","1459-Xuefeng.txt"
"1460","STATE_1460","Xianggu","QNG","","QNG","7097=5 7159=5 9999=3","South West China","14","1460-Xianggu.txt"
"1461","STATE_1461","Xiangjing","QNG","","QNG","1612=3 4009=5 7625=1","South East China","7","1461-Xiangjing.txt"
"1462","STATE_1462","Wuhan","TAI","","QNG TAI","4619=10 12467=7 14904=7","South East China","3","1462-Wuhan.txt"
"1463","STATE_1463","Tianjin","QNG","","QNG","13741=1","Eastern China","1","1463-Tianjin.txt"
"1464","STATE_1464","Jining","QNG","","QNG","12344=5","Eastern China","4","1464-Jining.txt"
"1465","STATE_1465","Hedong","QNG","","QNG","7571=1 4634=1 1575=1","Eastern China","8","1465-Hedong.txt"
"1466","STATE_1466","Jiangdong","QNG","1870.1.1:PTH","QNG BRM","4996=1","Burma","1","1466-Jiangdong.txt"
"1467","STATE_1467","Tainan","QNG","","QNG","13743=1 12068=3","Formosa","3","1467-Tainan.txt"
"1468","STATE_1468","Taipei","QNG","","QNG","7186=1 14907=1 14906=1","Formosa","5","1468-Taipei.txt"
"1469","STATE_1469","Lianggan","QNG","","QNG","5100=1 12327=1 5057=1","Western China","5","1469-Lianggan.txt"
"1470","STATE_1470","Seminole Nation","OKL","","","","South West","1","1470-Seminole Nation.txt"
"1471","STATE_1471","Cherokee Nation","OKL","","","","South West","1","1471-Cherokee Nation.txt"
"1472","STATE_1472","Western Creek Nation","OKL","","","","South West","1","1472-Western Creek Nation.txt"
"1473","STATE_1473","Southern Creek Nation","OKL","","","","South West","1","1473-Southern Creek Nation.txt"
"1474","STATE_1474","Chickasaw Nation","OKL","","","","South West","1","1474-Chickasaw Nation.txt"
"1475","STATE_1475","Apukshunnubbee District","OKL","","","","South West","1","1475-Apukshunnubbee District.txt"
"1476","STATE_1476","Moshulatubbee District","OKL","","","","South West","1","1476-Moshulatubbee District.txt"
"1477","STATE_1477","Pushmataha District","OKL","","","","South West","1","1477-Pushmataha District.txt"
"1478","STATE_1478","Linjiang","QNG","","QNG","","Manchuria","4","1478-Linjiang.txt"
"1479","STATE_1479","Jiandao","QNG","","QNG","","Manchuria","9","1479-Jiandao.txt"
"1480","STATE_1480","Acheng","QNG","","QNG","10433=1","Manchuria","1","1480-Acheng.txt"
"1481","STATE_1481","Zheltuga","QNG","","QNG","","Manchuria","2","1481-Zheltuga.txt"
"1482","STATE_1482","Bander-e Abbas","OMA","","PER","15687=3","Iran","4","1482-Bander-e-Abbas.txt"
"1483","STATE_1483","Alchuka","QNG","","QNG","","Manchuria","16","1483-Alchuka.txt"
"1484","STATE_1484","Binsui","QNG","","QNG","10463=1","Manchuria","4","1484-Binsui.txt"
"1485","STATE_1485","Haman","QNG","","QNG","","Manchuria","7","1485-Haman.txt"
